OrderID,OrderDate,CustomerID,CustomerName,Region,Product,Category,Qty,UnitPrice,Revenue,Month,PaymentMode
1001,2024-11-23,C115,Customer_C115,South,Laptop,Electronics,5,52193.81,260969.05,2024-11,UPI
1002,2024-12-12,C170,Customer_C170,North,Phone,Electronics,7,27190.7,190334.9,2024-12,Card
1003,2024-04-29,C165,Customer_C165,West,Laptop,Electronics,4,57376.22,229504.88,2024-04,Card
1004,2024-08-17,C176,Customer_C176,South,Monitor,Electronics,1,12621.14,12621.14,2024-08,NetBanking
1005,2024-06-23,C136,Customer_C136,East,Keyboard,Accessories,4,1637.16,6548.64,2024-06,UPI
1006,2024-02-17,C149,Customer_C149,East,Phone,Electronics,6,32084.97,192509.82,2024-02,UPI
1007,2024-08-23,C169,Customer_C169,East,Phone,Electronics,7,27472.8,192309.6,2024-08,Cash
1008,2024-10-22,C125,Customer_C125,East,Phone,Electronics,1,30967.58,30967.58,2024-10,UPI
1009,2024-04-29,C113,Customer_C113,East,Printer,Electronics,5,8916.14,44580.7,2024-04,Card
1010,2024-07-08,C146,Customer_C146,North,Mouse,Accessories,5,832.29,4161.45,2024-07,Card
1011,2024-09-30,C132,Customer_C132,South,Keyboard,Accessories,8,1463.84,11710.72,2024-09,Cash
1012,2024-01-29,C130,Customer_C130,North,Laptop,Electronics,6,53912.81,323476.86,2024-01,Card
1013,2024-10-17,C141,Customer_C141,West,Mouse,Accessories,8,783.3,6266.4,2024-10,Card
1014,2024-05-15,C118,Customer_C118,West,Mouse,Accessories,5,839.52,4197.6,2024-05,NetBanking
1015,2024-07-04,C129,Customer_C129,North,Keyboard,Accessories,8,1377.27,11018.16,2024-07,UPI
1016,2024-03-19,C121,Customer_C121,West,Printer,Electronics,2,8792.58,17585.16,2024-03,Cash
1017,2024-10-10,C102,Customer_C102,East,Phone,Electronics,5,31611.59,158057.95,2024-10,UPI
1018,2024-05-30,C156,Customer_C156,East,Keyboard,Accessories,8,1350.97,10807.76,2024-05,Card
1019,2024-09-16,C114,Customer_C114,South,Monitor,Electronics,4,11166.81,44667.24,2024-09,UPI
1020,2024-11-02,C142,Customer_C142,East,Tablet,Electronics,1,20292.22,20292.22,2024-11,Cash
1021,2024-05-02,C108,Customer_C108,West,Mouse,Accessories,2,733.7,1467.4,2024-05,UPI
1022,2024-09-29,C117,Customer_C117,South,Keyboard,Accessories,8,1634.05,13072.4,2024-09,Cash
1023,2024-09-27,C178,Customer_C178,South,Printer,Electronics,4,9772.04,39088.16,2024-09,Cash
1024,2024-07-23,C148,Customer_C148,South,Tablet,Electronics,8,20332.42,162659.36,2024-07,UPI
1025,2024-06-22,C103,Customer_C103,North,Mouse,Accessories,4,721.15,2884.6,2024-06,Card
1026,2024-02-04,C105,Customer_C105,East,Headphones,Accessories,2,2507.08,5014.16,2024-02,NetBanking
1027,2024-04-19,C170,Customer_C170,West,Keyboard,Accessories,8,1422.9,11383.2,2024-04,NetBanking
1028,2024-04-07,C113,Customer_C113,West,Phone,Electronics,7,29125.79,203880.53,2024-04,NetBanking
1029,2024-01-28,C113,Customer_C113,North,Laptop,Electronics,7,57510.35,402572.45,2024-01,Card
1030,2024-04-08,C125,Customer_C125,East,Tablet,Electronics,3,21656.28,64968.84,2024-04,NetBanking
1031,2024-05-07,C110,Customer_C110,North,Tablet,Electronics,2,20022.59,40045.18,2024-05,UPI
1032,2024-05-01,C122,Customer_C122,West,Printer,Electronics,8,8966.45,71731.6,2024-05,UPI
1033,2024-03-25,C149,Customer_C149,West,Laptop,Electronics,7,52417.23,366920.61,2024-03,Cash
1034,2024-08-04,C172,Customer_C172,South,Tablet,Electronics,3,20635.55,61906.65,2024-08,UPI
1035,2024-10-23,C170,Customer_C170,West,Laptop,Electronics,6,50128.82,300772.92,2024-10,Card
1036,2024-01-30,C166,Customer_C166,North,Phone,Electronics,3,27411.13,82233.39,2024-01,Card
1037,2024-07-25,C116,Customer_C116,West,Mouse,Accessories,1,819.1,819.1,2024-07,Cash
1038,2024-05-13,C127,Customer_C127,South,Headphones,Accessories,4,2382.81,9531.24,2024-05,Cash
1039,2024-08-22,C141,Customer_C141,North,Phone,Electronics,1,29749.71,29749.71,2024-08,UPI
1040,2024-10-02,C128,Customer_C128,North,Monitor,Electronics,3,13039.82,39119.46,2024-10,Card
1041,2024-07-08,C137,Customer_C137,East,Keyboard,Accessories,8,1600.12,12800.96,2024-07,UPI
1042,2024-12-07,C171,Customer_C171,South,Monitor,Electronics,2,13053.43,26106.86,2024-12,Cash
1043,2024-02-29,C114,Customer_C114,South,Keyboard,Accessories,5,1434.53,7172.65,2024-02,Cash
1044,2024-04-14,C134,Customer_C134,North,Tablet,Electronics,5,23783.48,118917.4,2024-04,UPI
1045,2024-11-20,C155,Customer_C155,South,Monitor,Electronics,1,10808.51,10808.51,2024-11,Cash
1046,2024-03-23,C157,Customer_C157,South,Printer,Electronics,1,8301.37,8301.37,2024-03,UPI
1047,2024-07-08,C175,Customer_C175,East,Keyboard,Accessories,7,1388.23,9717.61,2024-07,Cash
1048,2024-01-21,C146,Customer_C146,East,Mouse,Accessories,4,826.71,3306.84,2024-01,NetBanking
1049,2024-11-13,C120,Customer_C120,South,Mouse,Accessories,3,876.19,2628.57,2024-11,NetBanking
1050,2024-01-13,C123,Customer_C123,South,Headphones,Accessories,7,2651.12,18557.84,2024-01,Cash
1051,2024-03-22,C114,Customer_C114,South,Printer,Electronics,1,9645.47,9645.47,2024-03,Card
1052,2024-08-23,C145,Customer_C145,South,Monitor,Electronics,4,11335.02,45340.08,2024-08,NetBanking
1053,2024-06-17,C136,Customer_C136,West,Phone,Electronics,5,29106.88,145534.4,2024-06,Cash
1054,2024-01-15,C115,Customer_C115,East,Monitor,Electronics,3,12193.42,36580.26,2024-01,UPI
1055,2024-02-25,C177,Customer_C177,East,Printer,Electronics,6,9411.38,56468.28,2024-02,NetBanking
1056,2024-11-06,C166,Customer_C166,South,Phone,Electronics,7,32397.03,226779.21,2024-11,Cash
1057,2024-01-23,C156,Customer_C156,North,Laptop,Electronics,4,53506.44,214025.76,2024-01,Cash
1058,2024-11-15,C141,Customer_C141,West,Phone,Electronics,5,30042.74,150213.7,2024-11,Cash
1059,2024-07-25,C138,Customer_C138,West,Keyboard,Accessories,4,1476.13,5904.52,2024-07,Card
1060,2024-11-11,C173,Customer_C173,North,Monitor,Electronics,7,12115.05,84805.35,2024-11,Cash
1061,2024-05-26,C127,Customer_C127,West,Printer,Electronics,6,8936.98,53621.88,2024-05,Card
1062,2024-09-18,C161,Customer_C161,East,Keyboard,Accessories,2,1435.14,2870.28,2024-09,UPI
1063,2024-04-30,C140,Customer_C140,North,Mouse,Accessories,4,743.58,2974.32,2024-04,Card
1064,2024-08-31,C179,Customer_C179,South,Phone,Electronics,8,29486.65,235893.2,2024-08,NetBanking
1065,2024-09-10,C152,Customer_C152,North,Mouse,Accessories,3,824.97,2474.91,2024-09,UPI
1066,2024-08-05,C129,Customer_C129,South,Keyboard,Accessories,8,1365.07,10920.56,2024-08,UPI
1067,2024-08-21,C118,Customer_C118,West,Tablet,Electronics,6,23980.17,143881.02,2024-08,NetBanking
1068,2024-10-07,C158,Customer_C158,South,Keyboard,Accessories,8,1485.02,11880.16,2024-10,Cash
1069,2024-09-23,C163,Customer_C163,East,Mouse,Accessories,5,790.38,3951.9,2024-09,Card
1070,2024-05-19,C143,Customer_C143,South,Headphones,Accessories,2,2319.19,4638.38,2024-05,NetBanking
1071,2024-12-21,C120,Customer_C120,East,Mouse,Accessories,2,786.38,1572.76,2024-12,NetBanking
1072,2024-07-31,C108,Customer_C108,North,Mouse,Accessories,7,782.32,5476.24,2024-07,NetBanking
1073,2024-09-01,C101,Customer_C101,West,Headphones,Accessories,5,2626.74,13133.7,2024-09,Card
1074,2024-09-06,C129,Customer_C129,West,Monitor,Electronics,7,11965.54,83758.78,2024-09,Cash
1075,2024-12-08,C152,Customer_C152,North,Keyboard,Accessories,8,1625.86,13006.88,2024-12,NetBanking
1076,2024-10-30,C173,Customer_C173,South,Laptop,Electronics,2,56570.25,113140.5,2024-10,NetBanking
1077,2024-04-03,C107,Customer_C107,West,Monitor,Electronics,7,11585.65,81099.55,2024-04,Cash
1078,2024-06-21,C149,Customer_C149,North,Monitor,Electronics,7,11405.45,79838.15,2024-06,NetBanking
1079,2024-01-10,C170,Customer_C170,North,Laptop,Electronics,6,51966.44,311798.64,2024-01,UPI
1080,2024-01-16,C132,Customer_C132,South,Mouse,Accessories,1,819.41,819.41,2024-01,Card
1081,2024-08-30,C115,Customer_C115,East,Mouse,Accessories,8,831.91,6655.28,2024-08,Card
1082,2024-11-06,C178,Customer_C178,North,Phone,Electronics,3,32788.32,98364.96,2024-11,UPI
1083,2024-06-08,C174,Customer_C174,South,Printer,Electronics,7,9794.65,68562.55,2024-06,UPI
1084,2024-10-30,C132,Customer_C132,North,Phone,Electronics,5,32101.76,160508.8,2024-10,UPI
1085,2024-06-26,C169,Customer_C169,East,Printer,Electronics,6,8224.12,49344.72,2024-06,UPI
1086,2024-08-03,C163,Customer_C163,West,Phone,Electronics,7,32764.73,229353.11,2024-08,Card
1087,2024-08-10,C123,Customer_C123,East,Monitor,Electronics,8,11915.7,95325.6,2024-08,Cash
1088,2024-05-05,C112,Customer_C112,West,Monitor,Electronics,8,11385.27,91082.16,2024-05,NetBanking
1089,2024-06-21,C104,Customer_C104,South,Tablet,Electronics,6,20600.1,123600.6,2024-06,Cash
1090,2024-05-12,C144,Customer_C144,South,Monitor,Electronics,5,12133.9,60669.5,2024-05,UPI
1091,2024-05-03,C153,Customer_C153,West,Tablet,Electronics,4,22838.68,91354.72,2024-05,NetBanking
1092,2024-01-09,C112,Customer_C112,South,Monitor,Electronics,4,11770.56,47082.24,2024-01,Cash
1093,2024-12-05,C175,Customer_C175,East,Headphones,Accessories,8,2526.74,20213.92,2024-12,NetBanking
1094,2024-10-08,C143,Customer_C143,East,Headphones,Accessories,8,2385.46,19083.68,2024-10,Card
1095,2024-03-02,C125,Customer_C125,South,Headphones,Accessories,2,2621.44,5242.88,2024-03,Card
1096,2024-04-20,C162,Customer_C162,South,Monitor,Electronics,5,13153.23,65766.15,2024-04,Cash
1097,2024-04-26,C147,Customer_C147,South,Keyboard,Accessories,5,1354.24,6771.2,2024-04,Cash
1098,2024-01-24,C107,Customer_C107,West,Monitor,Electronics,3,12330.89,36992.67,2024-01,UPI
1099,2024-01-07,C174,Customer_C174,East,Monitor,Electronics,8,11948.91,95591.28,2024-01,Card
1100,2024-01-27,C133,Customer_C133,West,Tablet,Electronics,2,23417.31,46834.62,2024-01,NetBanking
1101,2024-02-07,C174,Customer_C174,East,Laptop,Electronics,3,51141.17,153423.51,2024-02,UPI
1102,2024-05-07,C116,Customer_C116,West,Printer,Electronics,4,9496.25,37985.0,2024-05,NetBanking
1103,2024-08-14,C139,Customer_C139,North,Printer,Electronics,5,9123.53,45617.65,2024-08,UPI
1104,2024-04-16,C128,Customer_C128,South,Monitor,Electronics,2,11176.94,22353.88,2024-04,UPI
1105,2024-03-21,C101,Customer_C101,West,Printer,Electronics,8,9340.87,74726.96,2024-03,Cash
1106,2024-01-17,C130,Customer_C130,West,Monitor,Electronics,5,12487.17,62435.85,2024-01,UPI
1107,2024-12-17,C130,Customer_C130,South,Monitor,Electronics,4,11820.33,47281.32,2024-12,Card
1108,2024-05-16,C119,Customer_C119,East,Phone,Electronics,1,27995.54,27995.54,2024-05,Cash
1109,2024-08-12,C116,Customer_C116,East,Tablet,Electronics,5,22878.83,114394.15,2024-08,NetBanking
1110,2024-08-12,C111,Customer_C111,East,Laptop,Electronics,7,57579.87,403059.09,2024-08,UPI
1111,2024-02-16,C130,Customer_C130,South,Laptop,Electronics,5,55838.72,279193.6,2024-02,NetBanking
1112,2024-09-22,C157,Customer_C157,West,Monitor,Electronics,3,13192.67,39578.01,2024-09,NetBanking
1113,2024-02-16,C161,Customer_C161,North,Headphones,Accessories,7,2416.65,16916.55,2024-02,Card
1114,2024-06-17,C153,Customer_C153,West,Tablet,Electronics,5,22715.37,113576.85,2024-06,UPI
1115,2024-08-20,C112,Customer_C112,West,Headphones,Accessories,5,2411.64,12058.2,2024-08,UPI
1116,2024-12-02,C170,Customer_C170,East,Tablet,Electronics,7,20038.5,140269.5,2024-12,NetBanking
1117,2024-11-16,C157,Customer_C157,South,Laptop,Electronics,4,52437.62,209750.48,2024-11,Cash
1118,2024-08-12,C163,Customer_C163,South,Phone,Electronics,1,32838.88,32838.88,2024-08,Card
1119,2024-06-08,C171,Customer_C171,North,Laptop,Electronics,7,50525.3,353677.1,2024-06,NetBanking
1120,2024-03-01,C120,Customer_C120,East,Tablet,Electronics,5,22039.04,110195.2,2024-03,NetBanking
1121,2024-09-04,C161,Customer_C161,West,Mouse,Accessories,8,808.2,6465.6,2024-09,Card
1122,2024-11-02,C166,Customer_C166,West,Keyboard,Accessories,2,1432.87,2865.74,2024-11,Cash
1123,2024-09-16,C135,Customer_C135,West,Laptop,Electronics,5,57486.56,287432.8,2024-09,Card
1124,2024-08-16,C169,Customer_C169,West,Tablet,Electronics,6,21262.74,127576.44,2024-08,NetBanking
1125,2024-06-13,C125,Customer_C125,West,Mouse,Accessories,7,757.37,5301.59,2024-06,UPI
1126,2024-06-11,C161,Customer_C161,South,Printer,Electronics,7,9879.15,69154.05,2024-06,NetBanking
1127,2024-01-19,C117,Customer_C117,West,Headphones,Accessories,2,2687.1,5374.2,2024-01,UPI
1128,2024-09-26,C159,Customer_C159,South,Laptop,Electronics,3,54009.76,162029.28,2024-09,UPI
1129,2024-08-28,C134,Customer_C134,East,Headphones,Accessories,7,2574.92,18024.44,2024-08,NetBanking
1130,2024-06-11,C163,Customer_C163,East,Laptop,Electronics,2,52082.47,104164.94,2024-06,Card
1131,2024-02-16,C156,Customer_C156,East,Phone,Electronics,2,29662.07,59324.14,2024-02,UPI
1132,2024-01-24,C142,Customer_C142,West,Laptop,Electronics,5,53443.1,267215.5,2024-01,Card
1133,2024-05-05,C168,Customer_C168,North,Printer,Electronics,3,8405.97,25217.91,2024-05,NetBanking
1134,2024-11-13,C131,Customer_C131,East,Tablet,Electronics,3,20821.63,62464.89,2024-11,NetBanking
1135,2024-05-10,C102,Customer_C102,South,Tablet,Electronics,5,22781.49,113907.45,2024-05,UPI
1136,2024-08-14,C145,Customer_C145,West,Monitor,Electronics,7,12456.75,87197.25,2024-08,Cash
1137,2024-04-11,C150,Customer_C150,East,Tablet,Electronics,2,20843.71,41687.42,2024-04,Cash
1138,2024-12-24,C138,Customer_C138,North,Laptop,Electronics,7,52519.28,367634.96,2024-12,NetBanking
1139,2024-05-26,C130,Customer_C130,East,Headphones,Accessories,4,2568.31,10273.24,2024-05,Card
1140,2024-11-17,C113,Customer_C113,North,Laptop,Electronics,5,58174.72,290873.6,2024-11,Cash
1141,2024-03-08,C112,Customer_C112,South,Monitor,Electronics,6,12593.95,75563.7,2024-03,Card
1142,2024-03-08,C170,Customer_C170,East,Headphones,Accessories,5,2665.24,13326.2,2024-03,NetBanking
1143,2024-05-31,C144,Customer_C144,South,Phone,Electronics,8,32777.36,262218.88,2024-05,Card
1144,2024-12-12,C151,Customer_C151,North,Headphones,Accessories,2,2645.34,5290.68,2024-12,Cash
1145,2024-10-01,C116,Customer_C116,East,Tablet,Electronics,6,22760.44,136562.64,2024-10,NetBanking
1146,2024-11-22,C148,Customer_C148,East,Phone,Electronics,4,29828.86,119315.44,2024-11,Card
1147,2024-11-27,C109,Customer_C109,North,Tablet,Electronics,5,22656.65,113283.25,2024-11,Card
1148,2024-01-24,C105,Customer_C105,South,Monitor,Electronics,8,11078.69,88629.52,2024-01,Card
1149,2024-07-17,C159,Customer_C159,South,Headphones,Accessories,7,2543.67,17805.69,2024-07,NetBanking
1150,2024-12-01,C113,Customer_C113,East,Tablet,Electronics,7,23931.83,167522.81,2024-12,UPI
1151,2024-12-19,C148,Customer_C148,South,Mouse,Accessories,8,791.15,6329.2,2024-12,Cash
1152,2024-02-20,C148,Customer_C148,South,Headphones,Accessories,1,2449.07,2449.07,2024-02,UPI
1153,2024-08-20,C112,Customer_C112,East,Mouse,Accessories,1,728.09,728.09,2024-08,Card
1154,2024-03-05,C173,Customer_C173,South,Mouse,Accessories,2,852.77,1705.54,2024-03,Card
1155,2024-04-29,C143,Customer_C143,South,Keyboard,Accessories,1,1433.18,1433.18,2024-04,Card
1156,2024-10-03,C133,Customer_C133,North,Keyboard,Accessories,2,1548.32,3096.64,2024-10,Card
1157,2024-01-08,C146,Customer_C146,East,Mouse,Accessories,6,722.52,4335.12,2024-01,UPI
1158,2024-03-05,C154,Customer_C154,East,Phone,Electronics,2,29857.48,59714.96,2024-03,UPI
1159,2024-08-19,C165,Customer_C165,East,Mouse,Accessories,1,836.36,836.36,2024-08,NetBanking
1160,2024-11-25,C104,Customer_C104,West,Laptop,Electronics,8,58820.28,470562.24,2024-11,UPI
1161,2024-09-08,C157,Customer_C157,South,Phone,Electronics,2,28932.67,57865.34,2024-09,UPI
1162,2024-03-05,C136,Customer_C136,East,Headphones,Accessories,7,2747.31,19231.17,2024-03,NetBanking
1163,2024-09-15,C178,Customer_C178,North,Printer,Electronics,2,9527.57,19055.14,2024-09,Card
1164,2024-08-08,C158,Customer_C158,West,Mouse,Accessories,7,774.23,5419.61,2024-08,NetBanking
1165,2024-07-31,C113,Customer_C113,East,Headphones,Accessories,7,2406.26,16843.82,2024-07,Cash
1166,2024-03-19,C161,Customer_C161,North,Phone,Electronics,2,31990.63,63981.26,2024-03,NetBanking
1167,2024-02-19,C148,Customer_C148,East,Keyboard,Accessories,1,1525.94,1525.94,2024-02,UPI
1168,2024-07-29,C146,Customer_C146,East,Printer,Electronics,1,9843.12,9843.12,2024-07,Cash
1169,2024-02-23,C174,Customer_C174,South,Mouse,Accessories,3,825.08,2475.24,2024-02,UPI
1170,2024-06-28,C172,Customer_C172,South,Headphones,Accessories,2,2631.3,5262.6,2024-06,NetBanking
1171,2024-10-14,C180,Customer_C180,East,Laptop,Electronics,5,49818.48,249092.4,2024-10,Cash
1172,2024-06-22,C145,Customer_C145,West,Laptop,Electronics,3,59068.49,177205.47,2024-06,UPI
1173,2024-03-13,C104,Customer_C104,West,Phone,Electronics,4,29257.17,117028.68,2024-03,Cash
1174,2024-03-21,C148,Customer_C148,North,Monitor,Electronics,6,12664.41,75986.46,2024-03,UPI
1175,2024-03-20,C121,Customer_C121,West,Laptop,Electronics,2,52493.13,104986.26,2024-03,NetBanking
1176,2024-11-06,C157,Customer_C157,North,Printer,Electronics,5,8488.02,42440.1,2024-11,Cash
1177,2024-08-08,C115,Customer_C115,East,Monitor,Electronics,8,12064.64,96517.12,2024-08,UPI
1178,2024-04-22,C151,Customer_C151,South,Laptop,Electronics,1,51748.65,51748.65,2024-04,Card
1179,2024-05-10,C138,Customer_C138,West,Headphones,Accessories,2,2253.86,4507.72,2024-05,Card
1180,2024-03-07,C149,Customer_C149,North,Mouse,Accessories,6,731.53,4389.18,2024-03,NetBanking
1181,2024-01-10,C159,Customer_C159,West,Phone,Electronics,6,30454.55,182727.3,2024-01,NetBanking
1182,2024-05-28,C115,Customer_C115,South,Printer,Electronics,1,9839.16,9839.16,2024-05,NetBanking
1183,2024-12-19,C147,Customer_C147,South,Phone,Electronics,7,32066.91,224468.37,2024-12,NetBanking
1184,2024-10-28,C152,Customer_C152,East,Phone,Electronics,7,32223.15,225562.05,2024-10,Card
1185,2024-06-19,C122,Customer_C122,South,Phone,Electronics,2,30183.63,60367.26,2024-06,Cash
1186,2024-06-28,C119,Customer_C119,South,Mouse,Accessories,2,743.43,1486.86,2024-06,Card
1187,2024-11-04,C120,Customer_C120,West,Phone,Electronics,3,32707.75,98123.25,2024-11,NetBanking
1188,2024-10-15,C175,Customer_C175,East,Tablet,Electronics,6,23602.69,141616.14,2024-10,Card
1189,2024-08-13,C109,Customer_C109,East,Tablet,Electronics,8,22578.09,180624.72,2024-08,UPI
1190,2024-06-29,C165,Customer_C165,North,Phone,Electronics,5,29770.45,148852.25,2024-06,UPI
1191,2024-07-07,C137,Customer_C137,West,Phone,Electronics,2,30690.05,61380.1,2024-07,NetBanking
1192,2024-10-24,C171,Customer_C171,South,Laptop,Electronics,8,59499.55,475996.4,2024-10,Cash
1193,2024-11-05,C161,Customer_C161,East,Keyboard,Accessories,1,1485.16,1485.16,2024-11,UPI
1194,2024-09-15,C123,Customer_C123,West,Laptop,Electronics,4,57283.84,229135.36,2024-09,Card
1195,2024-07-05,C148,Customer_C148,East,Monitor,Electronics,7,11781.05,82467.35,2024-07,UPI
1196,2024-11-19,C143,Customer_C143,West,Phone,Electronics,6,27567.04,165402.24,2024-11,Cash
1197,2024-05-09,C178,Customer_C178,South,Keyboard,Accessories,6,1374.45,8246.7,2024-05,Cash
1198,2024-06-07,C151,Customer_C151,West,Keyboard,Accessories,2,1442.87,2885.74,2024-06,Cash
1199,2024-03-06,C168,Customer_C168,North,Phone,Electronics,7,30050.93,210356.51,2024-03,Cash
1200,2024-06-07,C124,Customer_C124,West,Mouse,Accessories,6,871.63,5229.78,2024-06,Card
1201,2024-04-25,C118,Customer_C118,North,Keyboard,Accessories,2,1438.74,2877.48,2024-04,UPI
1202,2024-12-04,C144,Customer_C144,South,Keyboard,Accessories,7,1396.28,9773.96,2024-12,Card
1203,2024-08-12,C106,Customer_C106,South,Printer,Electronics,6,9317.45,55904.7,2024-08,NetBanking
1204,2024-11-08,C137,Customer_C137,East,Tablet,Electronics,4,22149.65,88598.6,2024-11,NetBanking
1205,2024-04-09,C148,Customer_C148,West,Tablet,Electronics,8,23185.53,185484.24,2024-04,NetBanking
1206,2024-03-23,C126,Customer_C126,West,Keyboard,Accessories,5,1365.65,6828.25,2024-03,Cash
1207,2024-10-10,C114,Customer_C114,South,Phone,Electronics,5,27503.25,137516.25,2024-10,Cash
1208,2024-08-18,C166,Customer_C166,South,Keyboard,Accessories,7,1377.51,9642.57,2024-08,NetBanking
1209,2024-06-27,C104,Customer_C104,East,Printer,Electronics,1,8813.62,8813.62,2024-06,Card
1210,2024-07-16,C111,Customer_C111,North,Headphones,Accessories,4,2264.09,9056.36,2024-07,Cash
1211,2024-03-15,C118,Customer_C118,West,Laptop,Electronics,5,59591.36,297956.8,2024-03,Card
1212,2024-12-27,C161,Customer_C161,North,Tablet,Electronics,1,23785.77,23785.77,2024-12,Cash
1213,2024-04-20,C120,Customer_C120,South,Printer,Electronics,2,9497.11,18994.22,2024-04,Cash
1214,2024-03-03,C107,Customer_C107,West,Mouse,Accessories,7,822.23,5755.61,2024-03,UPI
1215,2024-02-26,C164,Customer_C164,East,Laptop,Electronics,4,57403.99,229615.96,2024-02,NetBanking
1216,2024-01-01,C179,Customer_C179,South,Headphones,Accessories,4,2535.33,10141.32,2024-01,UPI
1217,2024-09-25,C147,Customer_C147,West,Phone,Electronics,1,29342.72,29342.72,2024-09,UPI
1218,2024-11-21,C150,Customer_C150,East,Headphones,Accessories,5,2623.66,13118.3,2024-11,UPI
1219,2024-06-25,C131,Customer_C131,East,Phone,Electronics,6,27800.46,166802.76,2024-06,Cash
1220,2024-11-25,C123,Customer_C123,South,Tablet,Electronics,8,22579.64,180637.12,2024-11,UPI
1221,2024-08-22,C105,Customer_C105,South,Monitor,Electronics,4,10905.14,43620.56,2024-08,UPI
1222,2024-06-10,C140,Customer_C140,South,Printer,Electronics,8,8555.96,68447.68,2024-06,Cash
1223,2024-07-01,C107,Customer_C107,East,Headphones,Accessories,5,2312.24,11561.2,2024-07,NetBanking
1224,2024-07-23,C157,Customer_C157,West,Printer,Electronics,6,9852.7,59116.2,2024-07,NetBanking
1225,2024-07-07,C167,Customer_C167,North,Monitor,Electronics,2,12545.0,25090.0,2024-07,NetBanking
1226,2024-11-04,C124,Customer_C124,East,Monitor,Electronics,6,11046.23,66277.38,2024-11,Cash
1227,2024-06-05,C158,Customer_C158,East,Printer,Electronics,3,9341.58,28024.74,2024-06,NetBanking
1228,2024-01-22,C146,Customer_C146,North,Printer,Electronics,5,9251.04,46255.2,2024-01,UPI
1229,2024-12-09,C152,Customer_C152,South,Headphones,Accessories,3,2726.39,8179.17,2024-12,NetBanking
1230,2024-01-18,C117,Customer_C117,East,Phone,Electronics,4,31671.09,126684.36,2024-01,Cash
1231,2024-07-15,C173,Customer_C173,East,Laptop,Electronics,3,56969.68,170909.04,2024-07,Cash
1232,2024-08-15,C110,Customer_C110,East,Keyboard,Accessories,6,1469.41,8816.46,2024-08,Card
1233,2024-02-28,C104,Customer_C104,North,Keyboard,Accessories,8,1505.32,12042.56,2024-02,Cash
1234,2024-05-13,C158,Customer_C158,West,Mouse,Accessories,5,831.04,4155.2,2024-05,Card
1235,2024-03-03,C118,Customer_C118,West,Phone,Electronics,8,28035.94,224287.52,2024-03,UPI
1236,2024-12-15,C141,Customer_C141,East,Headphones,Accessories,2,2525.0,5050.0,2024-12,Cash
1237,2024-03-21,C123,Customer_C123,South,Headphones,Accessories,4,2310.68,9242.72,2024-03,Card
1238,2024-05-01,C164,Customer_C164,East,Laptop,Electronics,6,55594.24,333565.44,2024-05,NetBanking
1239,2024-10-09,C117,Customer_C117,West,Phone,Electronics,2,28855.74,57711.48,2024-10,NetBanking
1240,2024-07-28,C174,Customer_C174,North,Phone,Electronics,3,32834.28,98502.84,2024-07,NetBanking
1241,2024-08-26,C167,Customer_C167,South,Headphones,Accessories,3,2688.98,8066.94,2024-08,Card
1242,2024-08-09,C165,Customer_C165,East,Laptop,Electronics,2,55199.12,110398.24,2024-08,Card
1243,2024-03-23,C142,Customer_C142,East,Mouse,Accessories,6,871.6,5229.6,2024-03,UPI
1244,2024-05-08,C126,Customer_C126,North,Monitor,Electronics,3,12300.05,36900.15,2024-05,Card
1245,2024-10-30,C175,Customer_C175,East,Keyboard,Accessories,3,1547.62,4642.86,2024-10,UPI
1246,2024-01-15,C111,Customer_C111,West,Laptop,Electronics,5,56662.43,283312.15,2024-01,UPI
1247,2024-09-11,C170,Customer_C170,West,Monitor,Electronics,5,11959.07,59795.35,2024-09,Cash
1248,2024-08-20,C110,Customer_C110,West,Laptop,Electronics,3,54335.66,163006.98,2024-08,NetBanking
1249,2024-04-14,C144,Customer_C144,East,Keyboard,Accessories,6,1608.45,9650.7,2024-04,Cash
1250,2024-07-23,C117,Customer_C117,West,Headphones,Accessories,2,2409.56,4819.12,2024-07,UPI
1251,2024-05-16,C158,Customer_C158,East,Mouse,Accessories,3,735.49,2206.47,2024-05,NetBanking
1252,2024-11-11,C154,Customer_C154,East,Mouse,Accessories,3,850.16,2550.48,2024-11,Card
1253,2024-03-22,C164,Customer_C164,West,Tablet,Electronics,8,23667.93,189343.44,2024-03,UPI
1254,2024-02-16,C151,Customer_C151,East,Tablet,Electronics,4,20746.64,82986.56,2024-02,UPI
1255,2024-01-26,C137,Customer_C137,North,Tablet,Electronics,8,21057.29,168458.32,2024-01,UPI
1256,2024-08-08,C118,Customer_C118,East,Monitor,Electronics,6,12633.26,75799.56,2024-08,UPI
1257,2024-07-24,C107,Customer_C107,North,Mouse,Accessories,6,808.52,4851.12,2024-07,NetBanking
1258,2024-09-15,C158,Customer_C158,North,Monitor,Electronics,2,11108.79,22217.58,2024-09,NetBanking
1259,2024-07-10,C144,Customer_C144,West,Headphones,Accessories,3,2349.53,7048.59,2024-07,UPI
1260,2024-01-24,C105,Customer_C105,West,Keyboard,Accessories,6,1591.19,9547.14,2024-01,Card
1261,2024-11-06,C166,Customer_C166,East,Keyboard,Accessories,6,1629.41,9776.46,2024-11,Card
1262,2024-07-20,C179,Customer_C179,West,Monitor,Electronics,6,12017.56,72105.36,2024-07,Cash
1263,2024-08-31,C103,Customer_C103,West,Headphones,Accessories,6,2586.9,15521.4,2024-08,Cash
1264,2024-12-18,C104,Customer_C104,South,Tablet,Electronics,5,24055.11,120275.55,2024-12,UPI
1265,2024-10-25,C162,Customer_C162,South,Keyboard,Accessories,7,1394.33,9760.31,2024-10,UPI
1266,2024-10-20,C115,Customer_C115,West,Mouse,Accessories,1,790.57,790.57,2024-10,Card
1267,2024-07-30,C127,Customer_C127,North,Printer,Electronics,8,9671.07,77368.56,2024-07,Card
1268,2024-09-22,C127,Customer_C127,East,Headphones,Accessories,8,2512.74,20101.92,2024-09,Card
1269,2024-08-23,C169,Customer_C169,East,Headphones,Accessories,6,2587.93,15527.58,2024-08,NetBanking
1270,2024-04-08,C132,Customer_C132,East,Monitor,Electronics,5,11339.68,56698.4,2024-04,Cash
1271,2024-12-26,C127,Customer_C127,East,Tablet,Electronics,6,21911.14,131466.84,2024-12,Cash
1272,2024-03-03,C174,Customer_C174,South,Printer,Electronics,7,9573.08,67011.56,2024-03,Cash
1273,2024-01-22,C137,Customer_C137,East,Phone,Electronics,6,32544.06,195264.36,2024-01,NetBanking
1274,2024-04-19,C126,Customer_C126,South,Monitor,Electronics,5,11129.46,55647.3,2024-04,Card
1275,2024-01-26,C168,Customer_C168,West,Mouse,Accessories,4,728.4,2913.6,2024-01,Cash
1276,2024-08-29,C113,Customer_C113,South,Keyboard,Accessories,1,1639.36,1639.36,2024-08,NetBanking
1277,2024-11-30,C161,Customer_C161,East,Tablet,Electronics,4,23126.01,92504.04,2024-11,Cash
1278,2024-05-26,C108,Customer_C108,North,Phone,Electronics,4,30210.91,120843.64,2024-05,Card
1279,2024-08-01,C123,Customer_C123,South,Laptop,Electronics,7,58167.57,407172.99,2024-08,Cash
1280,2024-01-20,C102,Customer_C102,East,Monitor,Electronics,2,13028.29,26056.58,2024-01,Cash
1281,2024-08-20,C170,Customer_C170,West,Tablet,Electronics,3,23544.66,70633.98,2024-08,Cash
1282,2024-04-08,C115,Customer_C115,East,Headphones,Accessories,3,2615.56,7846.68,2024-04,Card
1283,2024-01-08,C144,Customer_C144,West,Monitor,Electronics,4,11221.19,44884.76,2024-01,NetBanking
1284,2024-09-20,C142,Customer_C142,South,Phone,Electronics,7,31015.54,217108.78,2024-09,Card
1285,2024-09-01,C142,Customer_C142,South,Mouse,Accessories,1,761.73,761.73,2024-09,NetBanking
1286,2024-05-16,C143,Customer_C143,East,Monitor,Electronics,1,11427.73,11427.73,2024-05,Card
1287,2024-02-01,C116,Customer_C116,East,Tablet,Electronics,5,20502.75,102513.75,2024-02,UPI
1288,2024-11-23,C138,Customer_C138,South,Headphones,Accessories,4,2359.56,9438.24,2024-11,NetBanking
1289,2024-03-19,C159,Customer_C159,West,Headphones,Accessories,7,2600.97,18206.79,2024-03,Card
1290,2024-05-06,C177,Customer_C177,East,Phone,Electronics,8,30169.04,241352.32,2024-05,UPI
1291,2024-10-15,C115,Customer_C115,South,Laptop,Electronics,4,55799.72,223198.88,2024-10,Card
1292,2024-06-16,C167,Customer_C167,West,Tablet,Electronics,2,22793.3,45586.6,2024-06,UPI
1293,2024-09-18,C158,Customer_C158,West,Laptop,Electronics,8,50951.39,407611.12,2024-09,NetBanking
1294,2024-10-15,C108,Customer_C108,West,Tablet,Electronics,5,22982.43,114912.15,2024-10,Cash
1295,2024-01-02,C128,Customer_C128,North,Phone,Electronics,1,29542.18,29542.18,2024-01,UPI
1296,2024-02-05,C161,Customer_C161,South,Laptop,Electronics,5,53997.54,269987.7,2024-02,NetBanking
1297,2024-07-10,C149,Customer_C149,South,Tablet,Electronics,7,21452.84,150169.88,2024-07,Cash
1298,2024-03-01,C123,Customer_C123,South,Printer,Electronics,3,9410.14,28230.42,2024-03,UPI
1299,2024-01-12,C139,Customer_C139,South,Tablet,Electronics,7,22140.51,154983.57,2024-01,Card
1300,2024-08-23,C145,Customer_C145,North,Keyboard,Accessories,5,1406.54,7032.7,2024-08,UPI
1301,2024-12-04,C154,Customer_C154,North,Laptop,Electronics,4,51766.9,207067.6,2024-12,UPI
1302,2024-08-16,C177,Customer_C177,West,Laptop,Electronics,4,57645.95,230583.8,2024-08,NetBanking
1303,2024-04-29,C170,Customer_C170,East,Mouse,Accessories,1,742.42,742.42,2024-04,Card
1304,2024-10-21,C141,Customer_C141,South,Headphones,Accessories,4,2400.88,9603.52,2024-10,Card
1305,2024-07-30,C139,Customer_C139,South,Monitor,Electronics,1,12136.12,12136.12,2024-07,NetBanking
1306,2024-10-11,C164,Customer_C164,West,Laptop,Electronics,6,59857.45,359144.7,2024-10,Cash
1307,2024-12-22,C154,Customer_C154,South,Printer,Electronics,3,8639.8,25919.4,2024-12,NetBanking
1308,2024-05-03,C129,Customer_C129,North,Monitor,Electronics,3,12733.86,38201.58,2024-05,NetBanking
1309,2024-08-01,C172,Customer_C172,South,Keyboard,Accessories,7,1422.86,9960.02,2024-08,Cash
1310,2024-11-27,C111,Customer_C111,South,Tablet,Electronics,6,20206.84,121241.04,2024-11,UPI
1311,2024-05-17,C149,Customer_C149,South,Laptop,Electronics,2,51569.8,103139.6,2024-05,NetBanking
1312,2024-04-16,C143,Customer_C143,South,Monitor,Electronics,1,11308.34,11308.34,2024-04,UPI
1313,2024-09-02,C132,Customer_C132,East,Mouse,Accessories,7,866.42,6064.94,2024-09,Cash
1314,2024-07-13,C160,Customer_C160,West,Headphones,Accessories,5,2380.78,11903.9,2024-07,NetBanking
1315,2024-02-20,C161,Customer_C161,West,Headphones,Accessories,4,2435.35,9741.4,2024-02,UPI
1316,2024-10-15,C129,Customer_C129,West,Keyboard,Accessories,1,1428.23,1428.23,2024-10,Cash
1317,2024-03-19,C126,Customer_C126,South,Headphones,Accessories,4,2439.92,9759.68,2024-03,NetBanking
1318,2024-10-08,C144,Customer_C144,West,Monitor,Electronics,8,13119.62,104956.96,2024-10,NetBanking
1319,2024-03-27,C146,Customer_C146,West,Keyboard,Accessories,3,1566.09,4698.27,2024-03,Card
1320,2024-10-04,C108,Customer_C108,North,Laptop,Electronics,2,59897.07,119794.14,2024-10,UPI
1321,2024-07-30,C118,Customer_C118,North,Mouse,Accessories,2,833.15,1666.3,2024-07,Card
1322,2024-09-15,C159,Customer_C159,West,Headphones,Accessories,1,2558.92,2558.92,2024-09,NetBanking
1323,2024-01-09,C101,Customer_C101,East,Printer,Electronics,1,8130.11,8130.11,2024-01,Cash
1324,2024-01-09,C165,Customer_C165,North,Printer,Electronics,3,8292.63,24877.89,2024-01,Card
1325,2024-05-03,C125,Customer_C125,West,Monitor,Electronics,6,11441.58,68649.48,2024-05,UPI
1326,2024-07-10,C152,Customer_C152,South,Tablet,Electronics,4,24157.03,96628.12,2024-07,Cash
1327,2024-12-16,C111,Customer_C111,West,Laptop,Electronics,2,53958.06,107916.12,2024-12,NetBanking
1328,2024-01-29,C102,Customer_C102,West,Keyboard,Accessories,2,1499.96,2999.92,2024-01,Cash
1329,2024-10-16,C113,Customer_C113,West,Laptop,Electronics,4,51825.59,207302.36,2024-10,Cash
1330,2024-01-24,C110,Customer_C110,East,Monitor,Electronics,1,11230.45,11230.45,2024-01,UPI
1331,2024-04-16,C176,Customer_C176,East,Keyboard,Accessories,7,1628.66,11400.62,2024-04,Card
1332,2024-10-15,C131,Customer_C131,South,Printer,Electronics,6,8790.92,52745.52,2024-10,UPI
1333,2024-09-13,C145,Customer_C145,North,Laptop,Electronics,2,54307.97,108615.94,2024-09,Cash
1334,2024-11-05,C179,Customer_C179,East,Printer,Electronics,6,8153.33,48919.98,2024-11,NetBanking
1335,2024-09-08,C130,Customer_C130,West,Headphones,Accessories,7,2465.92,17261.44,2024-09,UPI
1336,2024-11-12,C138,Customer_C138,South,Mouse,Accessories,2,733.13,1466.26,2024-11,NetBanking
1337,2024-12-30,C120,Customer_C120,North,Printer,Electronics,6,8749.26,52495.56,2024-12,UPI
1338,2024-06-06,C157,Customer_C157,North,Headphones,Accessories,5,2301.12,11505.6,2024-06,Card
1339,2024-08-08,C158,Customer_C158,East,Printer,Electronics,2,8147.27,16294.54,2024-08,UPI
1340,2024-11-01,C177,Customer_C177,West,Headphones,Accessories,7,2256.17,15793.19,2024-11,NetBanking
1341,2024-02-13,C172,Customer_C172,South,Mouse,Accessories,3,829.65,2488.95,2024-02,Card
1342,2024-05-17,C139,Customer_C139,South,Monitor,Electronics,8,11150.24,89201.92,2024-05,NetBanking
1343,2024-05-21,C154,Customer_C154,East,Monitor,Electronics,8,12678.4,101427.2,2024-05,Cash
1344,2024-05-06,C164,Customer_C164,East,Mouse,Accessories,8,737.12,5896.96,2024-05,UPI
1345,2024-07-21,C143,Customer_C143,West,Printer,Electronics,6,8892.4,53354.4,2024-07,Card
1346,2024-06-02,C142,Customer_C142,West,Mouse,Accessories,8,770.27,6162.16,2024-06,Cash
1347,2024-05-29,C163,Customer_C163,West,Mouse,Accessories,6,780.17,4681.02,2024-05,Cash
1348,2024-02-28,C173,Customer_C173,North,Mouse,Accessories,3,829.07,2487.21,2024-02,NetBanking
1349,2024-12-28,C127,Customer_C127,North,Tablet,Electronics,5,23457.64,117288.2,2024-12,NetBanking
1350,2024-12-10,C164,Customer_C164,South,Keyboard,Accessories,5,1422.61,7113.05,2024-12,NetBanking
1351,2024-07-12,C110,Customer_C110,West,Tablet,Electronics,8,22361.87,178894.96,2024-07,UPI
1352,2024-07-03,C169,Customer_C169,East,Phone,Electronics,2,31613.72,63227.44,2024-07,Card
1353,2024-11-27,C179,Customer_C179,East,Laptop,Electronics,7,60134.92,420944.44,2024-11,NetBanking
1354,2024-02-24,C102,Customer_C102,South,Phone,Electronics,5,28332.01,141660.05,2024-02,NetBanking
1355,2024-07-10,C151,Customer_C151,North,Tablet,Electronics,3,21317.86,63953.58,2024-07,NetBanking
1356,2024-02-23,C138,Customer_C138,South,Printer,Electronics,2,8308.92,16617.84,2024-02,Cash
1357,2024-06-08,C144,Customer_C144,East,Tablet,Electronics,4,22092.91,88371.64,2024-06,NetBanking
1358,2024-02-19,C157,Customer_C157,North,Tablet,Electronics,6,20095.57,120573.42,2024-02,UPI
1359,2024-01-12,C144,Customer_C144,South,Phone,Electronics,3,32579.53,97738.59,2024-01,Card
1360,2024-10-09,C121,Customer_C121,South,Headphones,Accessories,7,2729.23,19104.61,2024-10,NetBanking
1361,2024-11-18,C124,Customer_C124,South,Keyboard,Accessories,7,1468.67,10280.69,2024-11,NetBanking
1362,2024-10-30,C155,Customer_C155,South,Printer,Electronics,1,9368.52,9368.52,2024-10,Cash
1363,2024-12-26,C109,Customer_C109,South,Phone,Electronics,3,29194.76,87584.28,2024-12,NetBanking
1364,2024-02-28,C134,Customer_C134,West,Tablet,Electronics,6,22426.67,134560.02,2024-02,UPI
1365,2024-06-27,C146,Customer_C146,East,Tablet,Electronics,3,23380.45,70141.35,2024-06,UPI
1366,2024-12-10,C118,Customer_C118,North,Headphones,Accessories,2,2369.29,4738.58,2024-12,Card
1367,2024-07-10,C119,Customer_C119,West,Printer,Electronics,7,9173.57,64214.99,2024-07,NetBanking
1368,2024-04-05,C163,Customer_C163,South,Keyboard,Accessories,3,1496.89,4490.67,2024-04,Card
1369,2024-06-10,C158,Customer_C158,West,Laptop,Electronics,6,59970.26,359821.56,2024-06,Card
1370,2024-04-09,C150,Customer_C150,West,Tablet,Electronics,7,22812.67,159688.69,2024-04,NetBanking
1371,2024-09-07,C122,Customer_C122,South,Phone,Electronics,1,31775.29,31775.29,2024-09,Cash
1372,2024-01-17,C136,Customer_C136,West,Mouse,Accessories,5,746.91,3734.55,2024-01,NetBanking
1373,2024-10-08,C166,Customer_C166,East,Phone,Electronics,2,28607.33,57214.66,2024-10,UPI
1374,2024-08-13,C170,Customer_C170,South,Mouse,Accessories,7,736.39,5154.73,2024-08,Cash
1375,2024-01-17,C158,Customer_C158,North,Monitor,Electronics,6,12869.28,77215.68,2024-01,NetBanking
1376,2024-03-01,C131,Customer_C131,West,Mouse,Accessories,6,857.77,5146.62,2024-03,Card
1377,2024-11-11,C118,Customer_C118,East,Mouse,Accessories,4,848.87,3395.48,2024-11,Cash
1378,2024-11-01,C169,Customer_C169,East,Keyboard,Accessories,6,1643.7,9862.2,2024-11,Cash
1379,2024-10-20,C135,Customer_C135,West,Phone,Electronics,3,32776.63,98329.89,2024-10,UPI
1380,2024-05-21,C117,Customer_C117,East,Keyboard,Accessories,4,1393.87,5575.48,2024-05,Card
1381,2024-12-12,C151,Customer_C151,East,Tablet,Electronics,3,22340.67,67022.01,2024-12,NetBanking
1382,2024-07-11,C158,Customer_C158,East,Phone,Electronics,2,29417.1,58834.2,2024-07,Cash
1383,2024-08-20,C163,Customer_C163,North,Headphones,Accessories,1,2684.45,2684.45,2024-08,NetBanking
1384,2024-11-21,C146,Customer_C146,West,Phone,Electronics,7,28306.98,198148.86,2024-11,Card
1385,2024-09-10,C135,Customer_C135,South,Headphones,Accessories,5,2418.88,12094.4,2024-09,NetBanking
1386,2024-06-24,C107,Customer_C107,West,Laptop,Electronics,2,56387.97,112775.94,2024-06,UPI
1387,2024-03-04,C121,Customer_C121,West,Tablet,Electronics,8,19802.97,158423.76,2024-03,Card
1388,2024-12-18,C117,Customer_C117,East,Monitor,Electronics,3,12898.62,38695.86,2024-12,UPI
1389,2024-12-01,C147,Customer_C147,South,Monitor,Electronics,2,11692.43,23384.86,2024-12,UPI
1390,2024-07-21,C140,Customer_C140,North,Mouse,Accessories,7,824.88,5774.16,2024-07,UPI
1391,2024-04-19,C162,Customer_C162,West,Phone,Electronics,3,30562.08,91686.24,2024-04,UPI
1392,2024-01-05,C144,Customer_C144,West,Phone,Electronics,7,31164.19,218149.33,2024-01,UPI
1393,2024-04-27,C150,Customer_C150,East,Phone,Electronics,2,27619.21,55238.42,2024-04,Cash
1394,2024-03-11,C149,Customer_C149,North,Keyboard,Accessories,3,1370.52,4111.56,2024-03,Card
1395,2024-08-13,C145,Customer_C145,West,Mouse,Accessories,3,867.18,2601.54,2024-08,Card
1396,2024-02-14,C113,Customer_C113,West,Keyboard,Accessories,2,1526.87,3053.74,2024-02,Cash
1397,2024-08-07,C141,Customer_C141,North,Keyboard,Accessories,4,1433.09,5732.36,2024-08,Card
1398,2024-10-10,C177,Customer_C177,East,Monitor,Electronics,1,12834.94,12834.94,2024-10,Card
1399,2024-09-22,C178,Customer_C178,North,Mouse,Accessories,7,767.29,5371.03,2024-09,Card
1400,2024-09-10,C150,Customer_C150,North,Phone,Electronics,4,29997.5,119990.0,2024-09,UPI
1401,2024-07-03,C141,Customer_C141,West,Keyboard,Accessories,7,1608.24,11257.68,2024-07,Cash
1402,2024-10-06,C123,Customer_C123,North,Tablet,Electronics,2,19873.43,39746.86,2024-10,UPI
1403,2024-05-14,C128,Customer_C128,West,Laptop,Electronics,1,59935.48,59935.48,2024-05,Cash
1404,2024-11-17,C165,Customer_C165,North,Printer,Electronics,7,9363.26,65542.82,2024-11,Card
1405,2024-05-22,C111,Customer_C111,South,Monitor,Electronics,2,12027.13,24054.26,2024-05,Card
1406,2024-10-01,C142,Customer_C142,West,Printer,Electronics,2,8658.31,17316.62,2024-10,Card
1407,2024-01-30,C132,Customer_C132,North,Phone,Electronics,7,27695.92,193871.44,2024-01,Cash
1408,2024-12-07,C123,Customer_C123,North,Phone,Electronics,1,31247.4,31247.4,2024-12,Card
1409,2024-09-11,C145,Customer_C145,East,Monitor,Electronics,3,11692.49,35077.47,2024-09,UPI
1410,2024-01-16,C143,Customer_C143,East,Printer,Electronics,5,9042.94,45214.7,2024-01,UPI
1411,2024-09-11,C159,Customer_C159,South,Headphones,Accessories,1,2499.81,2499.81,2024-09,Cash
1412,2024-03-21,C133,Customer_C133,North,Phone,Electronics,2,28370.43,56740.86,2024-03,UPI
1413,2024-01-07,C132,Customer_C132,South,Laptop,Electronics,8,53503.74,428029.92,2024-01,Card
1414,2024-01-19,C171,Customer_C171,West,Printer,Electronics,4,8679.24,34716.96,2024-01,Cash
1415,2024-05-18,C110,Customer_C110,North,Headphones,Accessories,2,2501.02,5002.04,2024-05,Card
1416,2024-04-24,C167,Customer_C167,West,Laptop,Electronics,7,50258.19,351807.33,2024-04,Cash
1417,2024-06-08,C142,Customer_C142,South,Phone,Electronics,8,27047.82,216382.56,2024-06,Cash
1418,2024-10-15,C139,Customer_C139,West,Mouse,Accessories,8,778.92,6231.36,2024-10,Card
1419,2024-10-06,C132,Customer_C132,North,Keyboard,Accessories,1,1629.72,1629.72,2024-10,Card
1420,2024-10-04,C145,Customer_C145,West,Laptop,Electronics,6,49516.08,297096.48,2024-10,Cash
1421,2024-02-23,C127,Customer_C127,North,Mouse,Accessories,7,798.72,5591.04,2024-02,Card
1422,2024-12-30,C136,Customer_C136,West,Phone,Electronics,1,32527.65,32527.65,2024-12,Cash
1423,2024-08-22,C111,Customer_C111,West,Phone,Electronics,3,30823.29,92469.87,2024-08,UPI
1424,2024-10-30,C173,Customer_C173,South,Laptop,Electronics,7,56786.88,397508.16,2024-10,Card
1425,2024-05-29,C134,Customer_C134,East,Headphones,Accessories,7,2600.36,18202.52,2024-05,Cash
1426,2024-08-19,C135,Customer_C135,South,Mouse,Accessories,2,870.97,1741.94,2024-08,UPI
1427,2024-03-20,C114,Customer_C114,West,Keyboard,Accessories,8,1489.82,11918.56,2024-03,UPI
1428,2024-10-01,C146,Customer_C146,East,Mouse,Accessories,8,769.33,6154.64,2024-10,UPI
1429,2024-02-16,C121,Customer_C121,East,Monitor,Electronics,1,11316.05,11316.05,2024-02,Card
1430,2024-02-16,C132,Customer_C132,East,Headphones,Accessories,7,2506.73,17547.11,2024-02,Cash
1431,2024-03-30,C104,Customer_C104,South,Printer,Electronics,8,9100.72,72805.76,2024-03,UPI
1432,2024-08-24,C114,Customer_C114,South,Keyboard,Accessories,2,1353.59,2707.18,2024-08,Card
1433,2024-04-11,C152,Customer_C152,East,Headphones,Accessories,2,2541.16,5082.32,2024-04,UPI
1434,2024-01-12,C109,Customer_C109,North,Mouse,Accessories,8,849.49,6795.92,2024-01,Cash
1435,2024-03-03,C106,Customer_C106,West,Tablet,Electronics,1,20539.15,20539.15,2024-03,NetBanking
1436,2024-09-11,C104,Customer_C104,South,Printer,Electronics,7,8411.05,58877.35,2024-09,Card
1437,2024-05-20,C136,Customer_C136,South,Tablet,Electronics,3,19952.46,59857.38,2024-05,Cash
1438,2024-09-12,C153,Customer_C153,West,Tablet,Electronics,1,20185.97,20185.97,2024-09,Card
1439,2024-08-02,C126,Customer_C126,East,Mouse,Accessories,1,878.3,878.3,2024-08,NetBanking
1440,2024-10-05,C163,Customer_C163,South,Headphones,Accessories,6,2444.19,14665.14,2024-10,UPI
1441,2024-06-12,C177,Customer_C177,East,Mouse,Accessories,1,863.32,863.32,2024-06,UPI
1442,2024-08-29,C168,Customer_C168,North,Headphones,Accessories,4,2736.99,10947.96,2024-08,Card
1443,2024-12-02,C131,Customer_C131,South,Monitor,Electronics,1,12633.72,12633.72,2024-12,NetBanking
1444,2024-06-30,C123,Customer_C123,East,Keyboard,Accessories,4,1527.76,6111.04,2024-06,UPI
1445,2024-12-26,C146,Customer_C146,West,Keyboard,Accessories,4,1601.01,6404.04,2024-12,Cash
1446,2024-03-30,C163,Customer_C163,South,Laptop,Electronics,2,50117.85,100235.7,2024-03,UPI
1447,2024-09-26,C162,Customer_C162,South,Laptop,Electronics,6,59596.86,357581.16,2024-09,Card
1448,2024-06-23,C123,Customer_C123,South,Headphones,Accessories,1,2260.96,2260.96,2024-06,UPI
1449,2024-09-26,C147,Customer_C147,West,Phone,Electronics,6,31227.23,187363.38,2024-09,UPI
1450,2024-06-21,C139,Customer_C139,West,Headphones,Accessories,3,2737.93,8213.79,2024-06,NetBanking
1451,2024-11-28,C141,Customer_C141,South,Keyboard,Accessories,6,1416.97,8501.82,2024-11,NetBanking
1452,2024-06-06,C138,Customer_C138,West,Keyboard,Accessories,3,1568.65,4705.95,2024-06,UPI
1453,2024-04-03,C178,Customer_C178,North,Headphones,Accessories,4,2569.82,10279.28,2024-04,NetBanking
1454,2024-03-13,C143,Customer_C143,East,Phone,Electronics,4,29080.86,116323.44,2024-03,Card
1455,2024-11-21,C112,Customer_C112,South,Headphones,Accessories,8,2255.7,18045.6,2024-11,Card
1456,2024-12-20,C109,Customer_C109,North,Headphones,Accessories,5,2643.51,13217.55,2024-12,UPI
1457,2024-07-16,C157,Customer_C157,West,Printer,Electronics,3,9692.19,29076.57,2024-07,NetBanking
1458,2024-06-28,C170,Customer_C170,South,Printer,Electronics,2,9591.85,19183.7,2024-06,Card
1459,2024-08-19,C110,Customer_C110,East,Laptop,Electronics,5,49720.86,248604.3,2024-08,UPI
1460,2024-02-07,C144,Customer_C144,North,Keyboard,Accessories,7,1398.27,9787.89,2024-02,UPI
1461,2024-06-22,C177,Customer_C177,South,Tablet,Electronics,1,21697.82,21697.82,2024-06,NetBanking
1462,2024-03-21,C107,Customer_C107,South,Phone,Electronics,6,28233.3,169399.8,2024-03,NetBanking
1463,2024-12-22,C171,Customer_C171,North,Monitor,Electronics,5,11513.76,57568.8,2024-12,UPI
1464,2024-07-20,C174,Customer_C174,North,Tablet,Electronics,3,20039.82,60119.46,2024-07,NetBanking
1465,2024-02-14,C138,Customer_C138,South,Tablet,Electronics,4,20226.74,80906.96,2024-02,Card
1466,2024-11-22,C138,Customer_C138,East,Phone,Electronics,8,32062.61,256500.88,2024-11,NetBanking
1467,2024-08-29,C163,Customer_C163,West,Monitor,Electronics,2,12340.48,24680.96,2024-08,Card
1468,2024-07-08,C149,Customer_C149,East,Headphones,Accessories,3,2472.89,7418.67,2024-07,NetBanking
1469,2024-08-26,C134,Customer_C134,South,Mouse,Accessories,5,810.28,4051.4,2024-08,UPI
1470,2024-02-13,C145,Customer_C145,West,Printer,Electronics,4,9096.48,36385.92,2024-02,NetBanking
1471,2024-10-01,C161,Customer_C161,West,Mouse,Accessories,8,767.82,6142.56,2024-10,UPI
1472,2024-09-14,C174,Customer_C174,West,Keyboard,Accessories,2,1634.78,3269.56,2024-09,Card
1473,2024-03-26,C128,Customer_C128,North,Mouse,Accessories,3,726.83,2180.49,2024-03,NetBanking
1474,2024-04-13,C119,Customer_C119,North,Monitor,Electronics,6,12985.93,77915.58,2024-04,UPI
1475,2024-07-17,C172,Customer_C172,West,Printer,Electronics,6,9641.92,57851.52,2024-07,UPI
1476,2024-12-24,C180,Customer_C180,South,Printer,Electronics,2,8846.0,17692.0,2024-12,UPI
1477,2024-02-24,C173,Customer_C173,East,Phone,Electronics,5,32204.85,161024.25,2024-02,NetBanking
1478,2024-05-15,C150,Customer_C150,East,Tablet,Electronics,8,19964.85,159718.8,2024-05,NetBanking
1479,2024-03-14,C180,Customer_C180,East,Printer,Electronics,1,8812.43,8812.43,2024-03,Card
1480,2024-01-26,C161,Customer_C161,East,Monitor,Electronics,6,10848.56,65091.36,2024-01,Cash
1481,2024-05-23,C163,Customer_C163,West,Phone,Electronics,4,27806.31,111225.24,2024-05,Cash
1482,2024-05-17,C154,Customer_C154,West,Phone,Electronics,4,29650.3,118601.2,2024-05,NetBanking
1483,2024-09-21,C148,Customer_C148,West,Laptop,Electronics,3,50221.79,150665.37,2024-09,Card
1484,2024-09-25,C173,Customer_C173,South,Laptop,Electronics,3,51620.4,154861.2,2024-09,UPI
1485,2024-05-07,C105,Customer_C105,South,Tablet,Electronics,1,23839.34,23839.34,2024-05,Cash
1486,2024-07-07,C160,Customer_C160,South,Printer,Electronics,2,9326.11,18652.22,2024-07,Cash
1487,2024-09-07,C177,Customer_C177,West,Tablet,Electronics,3,24026.29,72078.87,2024-09,Cash
1488,2024-06-25,C121,Customer_C121,West,Monitor,Electronics,2,11484.17,22968.34,2024-06,UPI
1489,2024-03-24,C174,Customer_C174,South,Mouse,Accessories,4,823.58,3294.32,2024-03,Cash
1490,2024-11-29,C153,Customer_C153,South,Laptop,Electronics,1,54715.07,54715.07,2024-11,Card
1491,2024-11-03,C102,Customer_C102,East,Mouse,Accessories,5,817.34,4086.7,2024-11,Cash
1492,2024-08-04,C149,Customer_C149,West,Headphones,Accessories,8,2376.0,19008.0,2024-08,Cash
1493,2024-12-12,C167,Customer_C167,East,Printer,Electronics,2,8113.23,16226.46,2024-12,Cash
1494,2024-06-01,C114,Customer_C114,East,Tablet,Electronics,2,21279.65,42559.3,2024-06,Cash
1495,2024-05-21,C134,Customer_C134,South,Monitor,Electronics,4,11159.83,44639.32,2024-05,UPI
1496,2024-11-03,C152,Customer_C152,West,Headphones,Accessories,3,2610.64,7831.92,2024-11,Cash
1497,2024-05-12,C154,Customer_C154,South,Printer,Electronics,7,9426.12,65982.84,2024-05,Cash
1498,2024-04-23,C169,Customer_C169,South,Tablet,Electronics,6,22032.19,132193.14,2024-04,Card
1499,2024-05-30,C113,Customer_C113,South,Tablet,Electronics,3,23060.04,69180.12,2024-05,Cash
1500,2024-12-01,C112,Customer_C112,East,Mouse,Accessories,6,755.73,4534.38,2024-12,NetBanking
1501,2024-06-18,C148,Customer_C148,North,Monitor,Electronics,5,11913.03,59565.15,2024-06,NetBanking
1502,2024-01-28,C175,Customer_C175,North,Phone,Electronics,8,32336.56,258692.48,2024-01,NetBanking
1503,2024-09-28,C139,Customer_C139,South,Printer,Electronics,1,9667.53,9667.53,2024-09,Card
1504,2024-04-12,C144,Customer_C144,South,Printer,Electronics,8,8357.8,66862.4,2024-04,UPI
1505,2024-09-06,C143,Customer_C143,North,Keyboard,Accessories,6,1540.35,9242.1,2024-09,NetBanking
1506,2024-05-20,C127,Customer_C127,North,Keyboard,Accessories,3,1496.87,4490.61,2024-05,Card
1507,2024-11-10,C156,Customer_C156,West,Printer,Electronics,7,8872.25,62105.75,2024-11,NetBanking
1508,2024-01-03,C105,Customer_C105,East,Mouse,Accessories,6,872.01,5232.06,2024-01,Card
1509,2024-01-10,C101,Customer_C101,East,Mouse,Accessories,4,830.96,3323.84,2024-01,Cash
1510,2024-03-07,C114,Customer_C114,North,Printer,Electronics,5,8400.64,42003.2,2024-03,Cash
1511,2024-05-28,C159,Customer_C159,South,Headphones,Accessories,7,2693.99,18857.93,2024-05,Cash
1512,2024-09-07,C146,Customer_C146,West,Mouse,Accessories,3,871.69,2615.07,2024-09,UPI
1513,2024-04-26,C129,Customer_C129,South,Keyboard,Accessories,4,1570.22,6280.88,2024-04,UPI
1514,2024-07-06,C105,Customer_C105,North,Printer,Electronics,5,9488.25,47441.25,2024-07,UPI
1515,2024-12-04,C114,Customer_C114,West,Laptop,Electronics,1,57087.25,57087.25,2024-12,NetBanking
1516,2024-07-13,C116,Customer_C116,South,Monitor,Electronics,8,12484.48,99875.84,2024-07,UPI
1517,2024-06-03,C154,Customer_C154,South,Phone,Electronics,5,30736.79,153683.95,2024-06,NetBanking
1518,2024-02-23,C166,Customer_C166,North,Phone,Electronics,5,27684.08,138420.4,2024-02,NetBanking
1519,2024-04-11,C178,Customer_C178,South,Mouse,Accessories,5,853.04,4265.2,2024-04,Cash
1520,2024-12-26,C153,Customer_C153,West,Monitor,Electronics,3,10894.57,32683.71,2024-12,Card
1521,2024-12-18,C162,Customer_C162,North,Headphones,Accessories,4,2251.37,9005.48,2024-12,UPI
1522,2024-10-20,C164,Customer_C164,North,Keyboard,Accessories,2,1583.86,3167.72,2024-10,UPI
1523,2024-05-11,C130,Customer_C130,North,Tablet,Electronics,5,20962.15,104810.75,2024-05,UPI
1524,2024-03-30,C106,Customer_C106,East,Monitor,Electronics,6,12723.83,76342.98,2024-03,NetBanking
1525,2024-02-29,C113,Customer_C113,South,Laptop,Electronics,1,58871.99,58871.99,2024-02,Cash
1526,2024-07-02,C157,Customer_C157,East,Monitor,Electronics,2,11694.29,23388.58,2024-07,Card
1527,2024-02-28,C152,Customer_C152,West,Printer,Electronics,8,8589.3,68714.4,2024-02,NetBanking
1528,2024-08-03,C122,Customer_C122,North,Phone,Electronics,3,31177.02,93531.06,2024-08,Card
1529,2024-02-23,C154,Customer_C154,West,Tablet,Electronics,8,20597.55,164780.4,2024-02,Cash
1530,2024-11-09,C104,Customer_C104,North,Keyboard,Accessories,8,1626.12,13008.96,2024-11,NetBanking
1531,2024-08-13,C106,Customer_C106,North,Phone,Electronics,5,30929.84,154649.2,2024-08,Card
1532,2024-12-08,C144,Customer_C144,South,Phone,Electronics,7,30970.28,216791.96,2024-12,NetBanking
1533,2024-06-26,C150,Customer_C150,South,Keyboard,Accessories,1,1353.49,1353.49,2024-06,NetBanking
1534,2024-09-10,C122,Customer_C122,East,Phone,Electronics,8,28923.8,231390.4,2024-09,Cash
1535,2024-01-26,C165,Customer_C165,South,Mouse,Accessories,7,784.52,5491.64,2024-01,UPI
1536,2024-08-23,C157,Customer_C157,West,Tablet,Electronics,2,23568.99,47137.98,2024-08,Cash
1537,2024-03-01,C164,Customer_C164,North,Laptop,Electronics,2,53937.84,107875.68,2024-03,UPI
1538,2024-02-16,C178,Customer_C178,West,Monitor,Electronics,4,12371.03,49484.12,2024-02,Cash
1539,2024-07-05,C107,Customer_C107,West,Mouse,Accessories,8,773.12,6184.96,2024-07,Cash
1540,2024-08-19,C115,Customer_C115,East,Phone,Electronics,4,27013.18,108052.72,2024-08,Cash
1541,2024-10-07,C167,Customer_C167,South,Headphones,Accessories,2,2272.89,4545.78,2024-10,NetBanking
1542,2024-03-12,C153,Customer_C153,South,Phone,Electronics,5,30665.11,153325.55,2024-03,UPI
1543,2024-07-20,C128,Customer_C128,North,Tablet,Electronics,4,22953.87,91815.48,2024-07,NetBanking
1544,2024-01-24,C176,Customer_C176,South,Phone,Electronics,8,29744.33,237954.64,2024-01,NetBanking
1545,2024-01-03,C168,Customer_C168,West,Laptop,Electronics,7,58726.98,411088.86,2024-01,Card
1546,2024-12-20,C175,Customer_C175,East,Keyboard,Accessories,3,1381.07,4143.21,2024-12,NetBanking
1547,2024-08-02,C178,Customer_C178,East,Mouse,Accessories,5,783.66,3918.3,2024-08,Cash
1548,2024-08-19,C118,Customer_C118,East,Keyboard,Accessories,7,1530.76,10715.32,2024-08,Cash
1549,2024-12-30,C171,Customer_C171,East,Mouse,Accessories,4,753.55,3014.2,2024-12,Cash
1550,2024-12-10,C117,Customer_C117,East,Keyboard,Accessories,6,1563.11,9378.66,2024-12,NetBanking
1551,2024-10-25,C174,Customer_C174,West,Printer,Electronics,5,9679.46,48397.3,2024-10,UPI
1552,2024-09-24,C114,Customer_C114,North,Laptop,Electronics,7,51098.59,357690.13,2024-09,Card
1553,2024-05-16,C121,Customer_C121,North,Monitor,Electronics,5,11151.43,55757.15,2024-05,Cash
1554,2024-04-14,C170,Customer_C170,North,Laptop,Electronics,6,58454.29,350725.74,2024-04,Card
1555,2024-11-27,C172,Customer_C172,East,Printer,Electronics,4,9019.66,36078.64,2024-11,UPI
1556,2024-07-14,C150,Customer_C150,North,Printer,Electronics,6,9838.5,59031.0,2024-07,UPI
1557,2024-05-08,C126,Customer_C126,East,Tablet,Electronics,4,23810.54,95242.16,2024-05,Card
1558,2024-04-09,C138,Customer_C138,North,Tablet,Electronics,3,24127.19,72381.57,2024-04,Card
1559,2024-03-29,C166,Customer_C166,East,Phone,Electronics,7,27243.81,190706.67,2024-03,Cash
1560,2024-03-07,C121,Customer_C121,South,Monitor,Electronics,1,11593.35,11593.35,2024-03,UPI
1561,2024-03-19,C142,Customer_C142,East,Laptop,Electronics,5,54896.06,274480.3,2024-03,UPI
1562,2024-12-28,C141,Customer_C141,South,Mouse,Accessories,3,803.3,2409.9,2024-12,NetBanking
1563,2024-10-05,C169,Customer_C169,South,Printer,Electronics,2,8728.93,17457.86,2024-10,Cash
1564,2024-06-18,C147,Customer_C147,West,Monitor,Electronics,4,13080.74,52322.96,2024-06,UPI
1565,2024-02-28,C145,Customer_C145,South,Tablet,Electronics,4,23779.78,95119.12,2024-02,UPI
1566,2024-12-15,C142,Customer_C142,East,Printer,Electronics,2,8794.58,17589.16,2024-12,UPI
1567,2024-09-21,C148,Customer_C148,South,Tablet,Electronics,8,19992.95,159943.6,2024-09,Cash
1568,2024-09-20,C111,Customer_C111,North,Phone,Electronics,3,32829.77,98489.31,2024-09,UPI
1569,2024-04-17,C128,Customer_C128,West,Printer,Electronics,2,8470.04,16940.08,2024-04,UPI
1570,2024-12-17,C120,Customer_C120,North,Laptop,Electronics,8,57385.55,459084.4,2024-12,UPI
1571,2024-02-07,C107,Customer_C107,South,Keyboard,Accessories,5,1517.43,7587.15,2024-02,Cash
1572,2024-07-27,C150,Customer_C150,North,Tablet,Electronics,7,21705.31,151937.17,2024-07,NetBanking
1573,2024-12-10,C116,Customer_C116,North,Laptop,Electronics,2,57815.57,115631.14,2024-12,UPI
1574,2024-07-02,C165,Customer_C165,East,Phone,Electronics,5,31721.35,158606.75,2024-07,UPI
1575,2024-05-24,C157,Customer_C157,North,Printer,Electronics,7,9579.82,67058.74,2024-05,NetBanking
1576,2024-03-21,C169,Customer_C169,East,Mouse,Accessories,3,839.48,2518.44,2024-03,Card
1577,2024-06-01,C148,Customer_C148,North,Laptop,Electronics,3,50855.59,152566.77,2024-06,NetBanking
1578,2024-10-02,C171,Customer_C171,East,Phone,Electronics,5,28260.32,141301.6,2024-10,Card
1579,2024-07-30,C166,Customer_C166,East,Keyboard,Accessories,3,1405.2,4215.6,2024-07,Card
1580,2024-02-28,C124,Customer_C124,North,Laptop,Electronics,8,56591.42,452731.36,2024-02,Cash
1581,2024-12-09,C109,Customer_C109,West,Monitor,Electronics,2,11273.8,22547.6,2024-12,Cash
1582,2024-07-01,C117,Customer_C117,North,Mouse,Accessories,2,765.62,1531.24,2024-07,Card
1583,2024-06-11,C163,Customer_C163,East,Tablet,Electronics,6,22511.91,135071.46,2024-06,Card
1584,2024-10-16,C173,Customer_C173,South,Headphones,Accessories,6,2729.33,16375.98,2024-10,UPI
1585,2024-06-09,C132,Customer_C132,East,Mouse,Accessories,7,764.27,5349.89,2024-06,Card
1586,2024-12-13,C143,Customer_C143,East,Tablet,Electronics,8,21759.58,174076.64,2024-12,NetBanking
1587,2024-10-09,C114,Customer_C114,South,Keyboard,Accessories,2,1602.54,3205.08,2024-10,Card
1588,2024-05-14,C110,Customer_C110,North,Phone,Electronics,1,32097.52,32097.52,2024-05,NetBanking
1589,2024-10-29,C128,Customer_C128,West,Laptop,Electronics,5,55478.16,277390.8,2024-10,Card
1590,2024-07-06,C151,Customer_C151,North,Mouse,Accessories,5,741.42,3707.1,2024-07,NetBanking
1591,2024-07-05,C165,Customer_C165,South,Laptop,Electronics,4,58827.8,235311.2,2024-07,Card
1592,2024-08-16,C121,Customer_C121,West,Keyboard,Accessories,3,1570.78,4712.34,2024-08,Cash
1593,2024-01-21,C129,Customer_C129,East,Tablet,Electronics,4,20076.59,80306.36,2024-01,Card
1594,2024-01-22,C127,Customer_C127,West,Headphones,Accessories,7,2484.84,17393.88,2024-01,UPI
1595,2024-01-21,C142,Customer_C142,East,Phone,Electronics,5,32009.23,160046.15,2024-01,Card
1596,2024-07-11,C149,Customer_C149,West,Headphones,Accessories,2,2508.33,5016.66,2024-07,Card
1597,2024-09-21,C152,Customer_C152,West,Headphones,Accessories,6,2493.43,14960.58,2024-09,UPI
1598,2024-09-13,C118,Customer_C118,East,Tablet,Electronics,3,20811.96,62435.88,2024-09,Card
1599,2024-03-17,C124,Customer_C124,North,Keyboard,Accessories,6,1530.61,9183.66,2024-03,Card
1600,2024-07-31,C143,Customer_C143,West,Phone,Electronics,8,31051.38,248411.04,2024-07,Card
1601,2024-10-29,C121,Customer_C121,South,Printer,Electronics,1,8538.61,8538.61,2024-10,Card
1602,2024-03-09,C166,Customer_C166,East,Laptop,Electronics,3,50115.03,150345.09,2024-03,Card
1603,2024-09-21,C152,Customer_C152,South,Laptop,Electronics,5,59919.79,299598.95,2024-09,NetBanking
1604,2024-11-06,C161,Customer_C161,West,Tablet,Electronics,3,20765.2,62295.6,2024-11,Card
1605,2024-10-25,C124,Customer_C124,East,Monitor,Electronics,3,12538.05,37614.15,2024-10,NetBanking
1606,2024-11-01,C176,Customer_C176,South,Phone,Electronics,4,29269.27,117077.08,2024-11,UPI
1607,2024-01-09,C126,Customer_C126,South,Printer,Electronics,3,9189.92,27569.76,2024-01,NetBanking
1608,2024-11-10,C177,Customer_C177,South,Laptop,Electronics,2,50525.09,101050.18,2024-11,UPI
1609,2024-12-13,C156,Customer_C156,West,Printer,Electronics,6,9674.68,58048.08,2024-12,Card
1610,2024-09-03,C149,Customer_C149,East,Headphones,Accessories,2,2462.74,4925.48,2024-09,NetBanking
1611,2024-04-29,C111,Customer_C111,North,Monitor,Electronics,7,11418.73,79931.11,2024-04,UPI
1612,2024-10-22,C167,Customer_C167,South,Phone,Electronics,1,29250.18,29250.18,2024-10,Cash
1613,2024-07-28,C147,Customer_C147,East,Phone,Electronics,3,29556.43,88669.29,2024-07,Cash
1614,2024-10-01,C155,Customer_C155,West,Headphones,Accessories,5,2745.9,13729.5,2024-10,Card
1615,2024-07-30,C171,Customer_C171,West,Tablet,Electronics,3,21428.94,64286.82,2024-07,Cash
1616,2024-06-06,C174,Customer_C174,North,Headphones,Accessories,7,2617.89,18325.23,2024-06,Card
1617,2024-08-16,C121,Customer_C121,East,Phone,Electronics,4,30050.06,120200.24,2024-08,UPI
1618,2024-03-23,C150,Customer_C150,West,Laptop,Electronics,2,58555.81,117111.62,2024-03,NetBanking
1619,2024-02-15,C109,Customer_C109,North,Monitor,Electronics,4,11690.0,46760.0,2024-02,NetBanking
1620,2024-07-24,C179,Customer_C179,South,Monitor,Electronics,1,13069.72,13069.72,2024-07,NetBanking
1621,2024-08-12,C102,Customer_C102,South,Mouse,Accessories,5,751.16,3755.8,2024-08,Card
1622,2024-12-11,C105,Customer_C105,South,Headphones,Accessories,4,2577.51,10310.04,2024-12,UPI
1623,2024-05-21,C152,Customer_C152,South,Headphones,Accessories,7,2452.73,17169.11,2024-05,UPI
1624,2024-12-26,C109,Customer_C109,East,Phone,Electronics,5,31356.83,156784.15,2024-12,Cash
1625,2024-05-21,C129,Customer_C129,North,Mouse,Accessories,8,868.75,6950.0,2024-05,Cash
1626,2024-03-30,C153,Customer_C153,East,Phone,Electronics,2,30019.01,60038.02,2024-03,UPI
1627,2024-09-19,C133,Customer_C133,West,Monitor,Electronics,8,13118.53,104948.24,2024-09,Card
1628,2024-06-22,C159,Customer_C159,East,Tablet,Electronics,1,21920.67,21920.67,2024-06,UPI
1629,2024-07-14,C129,Customer_C129,East,Mouse,Accessories,6,785.99,4715.94,2024-07,UPI
1630,2024-12-24,C134,Customer_C134,East,Mouse,Accessories,5,734.88,3674.4,2024-12,UPI
1631,2024-10-10,C123,Customer_C123,East,Tablet,Electronics,6,21355.57,128133.42,2024-10,Card
1632,2024-12-15,C125,Customer_C125,South,Tablet,Electronics,4,20833.39,83333.56,2024-12,Cash
1633,2024-04-15,C130,Customer_C130,East,Mouse,Accessories,4,853.81,3415.24,2024-04,Card
1634,2024-02-24,C116,Customer_C116,North,Phone,Electronics,8,30682.96,245463.68,2024-02,NetBanking
1635,2024-07-09,C180,Customer_C180,East,Headphones,Accessories,8,2699.06,21592.48,2024-07,NetBanking
1636,2024-04-03,C166,Customer_C166,South,Monitor,Electronics,7,11333.02,79331.14,2024-04,UPI
1637,2024-09-26,C155,Customer_C155,West,Tablet,Electronics,1,22010.89,22010.89,2024-09,Card
1638,2024-08-22,C116,Customer_C116,North,Tablet,Electronics,6,22832.53,136995.18,2024-08,Card
1639,2024-07-13,C175,Customer_C175,East,Phone,Electronics,6,29169.61,175017.66,2024-07,Card
1640,2024-10-07,C134,Customer_C134,East,Mouse,Accessories,5,795.42,3977.1,2024-10,Cash
1641,2024-04-04,C164,Customer_C164,East,Printer,Electronics,4,8854.37,35417.48,2024-04,Cash
1642,2024-07-24,C136,Customer_C136,South,Tablet,Electronics,3,22314.2,66942.6,2024-07,UPI
1643,2024-05-18,C131,Customer_C131,South,Printer,Electronics,7,8452.91,59170.37,2024-05,NetBanking
1644,2024-01-05,C123,Customer_C123,East,Printer,Electronics,8,8342.05,66736.4,2024-01,NetBanking
1645,2024-06-02,C133,Customer_C133,South,Laptop,Electronics,7,50588.72,354121.04,2024-06,UPI
1646,2024-04-20,C133,Customer_C133,East,Tablet,Electronics,2,21779.36,43558.72,2024-04,Cash
1647,2024-07-03,C147,Customer_C147,North,Monitor,Electronics,6,10847.6,65085.6,2024-07,Cash
1648,2024-12-13,C178,Customer_C178,East,Mouse,Accessories,3,876.7,2630.1,2024-12,Cash
1649,2024-06-15,C166,Customer_C166,West,Tablet,Electronics,8,23714.38,189715.04,2024-06,Cash
1650,2024-08-25,C119,Customer_C119,West,Keyboard,Accessories,6,1476.54,8859.24,2024-08,UPI
1651,2024-02-10,C121,Customer_C121,East,Headphones,Accessories,4,2406.74,9626.96,2024-02,Cash
1652,2024-11-05,C151,Customer_C151,East,Monitor,Electronics,8,12674.34,101394.72,2024-11,NetBanking
1653,2024-07-30,C122,Customer_C122,South,Keyboard,Accessories,1,1387.51,1387.51,2024-07,Cash
1654,2024-12-24,C111,Customer_C111,North,Mouse,Accessories,3,783.53,2350.59,2024-12,UPI
1655,2024-08-30,C171,Customer_C171,North,Laptop,Electronics,1,57980.27,57980.27,2024-08,UPI
1656,2024-05-14,C180,Customer_C180,West,Keyboard,Accessories,2,1546.45,3092.9,2024-05,Cash
1657,2024-04-27,C132,Customer_C132,South,Monitor,Electronics,8,12303.55,98428.4,2024-04,Card
1658,2024-01-15,C105,Customer_C105,West,Headphones,Accessories,6,2682.12,16092.72,2024-01,Cash
1659,2024-10-07,C157,Customer_C157,West,Keyboard,Accessories,3,1527.25,4581.75,2024-10,NetBanking
1660,2024-09-25,C169,Customer_C169,South,Monitor,Electronics,6,11955.96,71735.76,2024-09,UPI
1661,2024-08-14,C140,Customer_C140,East,Headphones,Accessories,7,2379.9,16659.3,2024-08,UPI
1662,2024-01-01,C167,Customer_C167,North,Keyboard,Accessories,6,1436.03,8616.18,2024-01,NetBanking
1663,2024-09-01,C139,Customer_C139,South,Laptop,Electronics,7,58277.61,407943.27,2024-09,UPI
1664,2024-10-07,C148,Customer_C148,West,Mouse,Accessories,7,861.15,6028.05,2024-10,NetBanking
1665,2024-05-07,C121,Customer_C121,North,Printer,Electronics,7,8497.07,59479.49,2024-05,NetBanking
1666,2024-11-16,C131,Customer_C131,East,Monitor,Electronics,5,12356.3,61781.5,2024-11,NetBanking
1667,2024-04-06,C109,Customer_C109,West,Keyboard,Accessories,3,1436.88,4310.64,2024-04,NetBanking
1668,2024-05-19,C180,Customer_C180,South,Tablet,Electronics,4,21210.83,84843.32,2024-05,UPI
1669,2024-09-30,C103,Customer_C103,South,Keyboard,Accessories,2,1434.63,2869.26,2024-09,NetBanking
1670,2024-01-05,C130,Customer_C130,South,Phone,Electronics,3,27088.35,81265.05,2024-01,Cash
1671,2024-08-03,C140,Customer_C140,North,Tablet,Electronics,6,21840.21,131041.26,2024-08,Cash
1672,2024-02-11,C119,Customer_C119,North,Laptop,Electronics,5,58032.18,290160.9,2024-02,NetBanking
1673,2024-04-02,C125,Customer_C125,North,Monitor,Electronics,7,12787.8,89514.6,2024-04,Card
1674,2024-07-16,C157,Customer_C157,North,Mouse,Accessories,1,751.87,751.87,2024-07,Card
1675,2024-08-30,C150,Customer_C150,North,Monitor,Electronics,6,11180.67,67084.02,2024-08,UPI
1676,2024-05-09,C162,Customer_C162,North,Monitor,Electronics,4,11665.02,46660.08,2024-05,Card
1677,2024-02-27,C131,Customer_C131,East,Printer,Electronics,6,8127.12,48762.72,2024-02,UPI
1678,2024-07-21,C132,Customer_C132,West,Laptop,Electronics,1,55891.85,55891.85,2024-07,Card
1679,2024-07-09,C112,Customer_C112,East,Mouse,Accessories,3,799.99,2399.97,2024-07,UPI
1680,2024-01-31,C146,Customer_C146,South,Keyboard,Accessories,2,1387.75,2775.5,2024-01,Cash
1681,2024-10-12,C145,Customer_C145,West,Tablet,Electronics,4,19893.95,79575.8,2024-10,Cash
1682,2024-03-09,C133,Customer_C133,East,Laptop,Electronics,8,57272.89,458183.12,2024-03,NetBanking
1683,2024-04-07,C173,Customer_C173,West,Keyboard,Accessories,6,1447.1,8682.6,2024-04,Cash
1684,2024-11-02,C171,Customer_C171,West,Keyboard,Accessories,2,1509.34,3018.68,2024-11,Cash
1685,2024-05-14,C170,Customer_C170,West,Headphones,Accessories,8,2250.36,18002.88,2024-05,Card
1686,2024-01-10,C180,Customer_C180,North,Headphones,Accessories,4,2410.35,9641.4,2024-01,NetBanking
1687,2024-04-07,C168,Customer_C168,East,Tablet,Electronics,3,22497.37,67492.11,2024-04,NetBanking
1688,2024-11-24,C142,Customer_C142,North,Phone,Electronics,2,30139.2,60278.4,2024-11,UPI
1689,2024-03-07,C123,Customer_C123,South,Laptop,Electronics,4,50677.61,202710.44,2024-03,UPI
1690,2024-01-17,C174,Customer_C174,East,Printer,Electronics,8,9046.48,72371.84,2024-01,UPI
1691,2024-07-06,C129,Customer_C129,South,Phone,Electronics,1,32581.27,32581.27,2024-07,NetBanking
1692,2024-02-10,C160,Customer_C160,West,Laptop,Electronics,6,55638.22,333829.32,2024-02,Cash
1693,2024-12-28,C108,Customer_C108,East,Monitor,Electronics,1,12562.32,12562.32,2024-12,UPI
1694,2024-04-20,C167,Customer_C167,West,Phone,Electronics,2,31351.03,62702.06,2024-04,Card
1695,2024-04-08,C168,Customer_C168,West,Mouse,Accessories,3,809.35,2428.05,2024-04,UPI
1696,2024-11-22,C174,Customer_C174,West,Headphones,Accessories,8,2601.28,20810.24,2024-11,UPI
1697,2024-03-26,C124,Customer_C124,West,Printer,Electronics,6,9283.56,55701.36,2024-03,Cash
1698,2024-06-10,C171,Customer_C171,West,Headphones,Accessories,6,2456.17,14737.02,2024-06,Cash
1699,2024-11-07,C131,Customer_C131,East,Mouse,Accessories,7,842.51,5897.57,2024-11,Cash
1700,2024-08-19,C158,Customer_C158,East,Printer,Electronics,1,9407.36,9407.36,2024-08,UPI
1701,2024-09-22,C118,Customer_C118,South,Monitor,Electronics,1,11520.8,11520.8,2024-09,Card
1702,2024-06-10,C103,Customer_C103,West,Monitor,Electronics,3,11026.29,33078.87,2024-06,Cash
1703,2024-03-20,C118,Customer_C118,South,Monitor,Electronics,6,12935.1,77610.6,2024-03,Card
1704,2024-05-11,C139,Customer_C139,South,Phone,Electronics,7,30414.39,212900.73,2024-05,UPI
1705,2024-06-15,C162,Customer_C162,North,Keyboard,Accessories,8,1597.71,12781.68,2024-06,Cash
1706,2024-01-20,C174,Customer_C174,East,Printer,Electronics,2,9504.22,19008.44,2024-01,Cash
1707,2024-08-10,C154,Customer_C154,North,Phone,Electronics,4,31486.07,125944.28,2024-08,NetBanking
1708,2024-01-28,C140,Customer_C140,South,Laptop,Electronics,6,55439.23,332635.38,2024-01,Cash
1709,2024-09-14,C129,Customer_C129,West,Keyboard,Accessories,1,1552.09,1552.09,2024-09,NetBanking
1710,2024-10-31,C174,Customer_C174,West,Phone,Electronics,4,29591.61,118366.44,2024-10,Card
1711,2024-03-08,C144,Customer_C144,North,Phone,Electronics,8,30428.64,243429.12,2024-03,NetBanking
1712,2024-05-14,C111,Customer_C111,South,Printer,Electronics,7,9492.89,66450.23,2024-05,Card
1713,2024-09-03,C172,Customer_C172,South,Mouse,Accessories,8,783.25,6266.0,2024-09,Card
1714,2024-05-04,C110,Customer_C110,North,Monitor,Electronics,7,11576.19,81033.33,2024-05,UPI
1715,2024-12-09,C153,Customer_C153,East,Printer,Electronics,6,8726.95,52361.7,2024-12,Cash
1716,2024-10-31,C104,Customer_C104,West,Monitor,Electronics,3,13170.36,39511.08,2024-10,Card
1717,2024-08-13,C106,Customer_C106,South,Mouse,Accessories,4,829.66,3318.64,2024-08,UPI
1718,2024-02-27,C107,Customer_C107,East,Mouse,Accessories,3,859.0,2577.0,2024-02,UPI
1719,2024-06-24,C115,Customer_C115,East,Monitor,Electronics,8,11930.86,95446.88,2024-06,Card
1720,2024-10-02,C128,Customer_C128,South,Mouse,Accessories,5,807.81,4039.05,2024-10,UPI
1721,2024-07-11,C175,Customer_C175,East,Laptop,Electronics,5,51373.52,256867.6,2024-07,Card
1722,2024-12-22,C180,Customer_C180,North,Monitor,Electronics,1,11915.91,11915.91,2024-12,UPI
1723,2024-07-17,C135,Customer_C135,West,Headphones,Accessories,2,2259.54,4519.08,2024-07,Card
1724,2024-07-13,C166,Customer_C166,North,Phone,Electronics,6,29907.97,179447.82,2024-07,Card
1725,2024-04-11,C165,Customer_C165,East,Tablet,Electronics,1,19974.91,19974.91,2024-04,Cash
1726,2024-09-07,C151,Customer_C151,East,Keyboard,Accessories,1,1454.03,1454.03,2024-09,Cash
1727,2024-11-16,C139,Customer_C139,East,Mouse,Accessories,5,849.9,4249.5,2024-11,NetBanking
1728,2024-01-16,C172,Customer_C172,West,Monitor,Electronics,4,11164.1,44656.4,2024-01,Card
1729,2024-02-14,C149,Customer_C149,South,Mouse,Accessories,7,758.46,5309.22,2024-02,NetBanking
1730,2024-06-08,C178,Customer_C178,South,Headphones,Accessories,8,2521.12,20168.96,2024-06,Card
1731,2024-10-24,C170,Customer_C170,South,Mouse,Accessories,3,769.44,2308.32,2024-10,NetBanking
1732,2024-03-15,C173,Customer_C173,North,Keyboard,Accessories,6,1370.34,8222.04,2024-03,Card
1733,2024-06-11,C119,Customer_C119,West,Laptop,Electronics,6,59181.45,355088.7,2024-06,NetBanking
1734,2024-06-04,C157,Customer_C157,North,Monitor,Electronics,3,12669.86,38009.58,2024-06,Card
1735,2024-04-04,C104,Customer_C104,South,Monitor,Electronics,4,12231.27,48925.08,2024-04,UPI
1736,2024-07-02,C111,Customer_C111,West,Tablet,Electronics,3,22010.23,66030.69,2024-07,Cash
1737,2024-04-04,C150,Customer_C150,South,Tablet,Electronics,8,20405.06,163240.48,2024-04,Card
1738,2024-01-17,C153,Customer_C153,South,Laptop,Electronics,5,59952.18,299760.9,2024-01,Card
1739,2024-04-14,C109,Customer_C109,West,Keyboard,Accessories,8,1610.14,12881.12,2024-04,Cash
1740,2024-08-22,C132,Customer_C132,West,Printer,Electronics,7,9497.19,66480.33,2024-08,Cash
1741,2024-07-20,C179,Customer_C179,North,Laptop,Electronics,2,54467.71,108935.42,2024-07,Card
1742,2024-09-22,C169,Customer_C169,North,Printer,Electronics,1,9103.86,9103.86,2024-09,Card
1743,2024-05-29,C157,Customer_C157,East,Printer,Electronics,5,9492.62,47463.1,2024-05,NetBanking
1744,2024-03-26,C155,Customer_C155,South,Monitor,Electronics,1,12455.89,12455.89,2024-03,NetBanking
1745,2024-11-26,C158,Customer_C158,South,Phone,Electronics,2,28078.63,56157.26,2024-11,NetBanking
1746,2024-07-30,C142,Customer_C142,South,Tablet,Electronics,1,20587.07,20587.07,2024-07,NetBanking
1747,2024-02-16,C133,Customer_C133,North,Headphones,Accessories,3,2609.19,7827.57,2024-02,UPI
1748,2024-02-28,C158,Customer_C158,West,Headphones,Accessories,2,2511.91,5023.82,2024-02,Card
1749,2024-07-12,C171,Customer_C171,East,Printer,Electronics,1,9482.87,9482.87,2024-07,Card
1750,2024-03-24,C119,Customer_C119,East,Keyboard,Accessories,1,1475.87,1475.87,2024-03,NetBanking
1751,2024-05-27,C124,Customer_C124,North,Phone,Electronics,3,32762.6,98287.8,2024-05,Cash
1752,2024-01-07,C159,Customer_C159,North,Tablet,Electronics,8,22191.41,177531.28,2024-01,NetBanking
1753,2024-05-01,C128,Customer_C128,North,Tablet,Electronics,8,21604.67,172837.36,2024-05,UPI
1754,2024-05-05,C171,Customer_C171,South,Monitor,Electronics,4,10917.41,43669.64,2024-05,UPI
1755,2024-11-30,C145,Customer_C145,East,Laptop,Electronics,3,58892.12,176676.36,2024-11,Cash
1756,2024-02-14,C107,Customer_C107,South,Phone,Electronics,7,32962.41,230736.87,2024-02,Cash
1757,2024-11-08,C177,Customer_C177,East,Keyboard,Accessories,8,1574.8,12598.4,2024-11,UPI
1758,2024-02-17,C139,Customer_C139,North,Headphones,Accessories,6,2698.76,16192.56,2024-02,NetBanking
1759,2024-10-08,C109,Customer_C109,East,Monitor,Electronics,8,11122.91,88983.28,2024-10,Cash
1760,2024-09-26,C153,Customer_C153,North,Mouse,Accessories,4,817.93,3271.72,2024-09,UPI
1761,2024-09-04,C178,Customer_C178,East,Monitor,Electronics,7,12261.23,85828.61,2024-09,Cash
1762,2024-09-26,C174,Customer_C174,West,Headphones,Accessories,3,2557.14,7671.42,2024-09,NetBanking
1763,2024-09-09,C124,Customer_C124,North,Mouse,Accessories,5,876.68,4383.4,2024-09,UPI
1764,2024-01-13,C160,Customer_C160,West,Phone,Electronics,4,31797.39,127189.56,2024-01,NetBanking
1765,2024-01-24,C143,Customer_C143,South,Headphones,Accessories,4,2255.65,9022.6,2024-01,Cash
1766,2024-05-10,C109,Customer_C109,East,Monitor,Electronics,5,12016.06,60080.3,2024-05,UPI
1767,2024-02-28,C143,Customer_C143,North,Headphones,Accessories,7,2612.2,18285.4,2024-02,Card
1768,2024-04-09,C143,Customer_C143,North,Headphones,Accessories,8,2708.08,21664.64,2024-04,Card
1769,2024-09-03,C120,Customer_C120,West,Tablet,Electronics,6,21834.87,131009.22,2024-09,UPI
1770,2024-09-23,C139,Customer_C139,East,Headphones,Accessories,1,2354.13,2354.13,2024-09,Cash
1771,2024-02-03,C120,Customer_C120,West,Monitor,Electronics,1,11613.97,11613.97,2024-02,Card
1772,2024-10-19,C178,Customer_C178,East,Printer,Electronics,3,9171.35,27514.05,2024-10,Cash
1773,2024-12-29,C105,Customer_C105,South,Monitor,Electronics,7,11008.31,77058.17,2024-12,Cash
1774,2024-08-19,C139,Customer_C139,East,Mouse,Accessories,5,748.0,3740.0,2024-08,UPI
1775,2024-04-13,C112,Customer_C112,South,Tablet,Electronics,1,23315.71,23315.71,2024-04,Card
1776,2024-06-23,C162,Customer_C162,North,Monitor,Electronics,6,11143.91,66863.46,2024-06,Card
1777,2024-04-15,C105,Customer_C105,North,Tablet,Electronics,7,22940.18,160581.26,2024-04,UPI
1778,2024-06-08,C106,Customer_C106,North,Phone,Electronics,6,29801.26,178807.56,2024-06,UPI
1779,2024-09-23,C140,Customer_C140,South,Laptop,Electronics,5,56527.36,282636.8,2024-09,Cash
1780,2024-04-12,C125,Customer_C125,West,Monitor,Electronics,5,12077.46,60387.3,2024-04,UPI
1781,2024-05-19,C120,Customer_C120,North,Keyboard,Accessories,5,1384.34,6921.7,2024-05,Card
1782,2024-10-04,C145,Customer_C145,East,Headphones,Accessories,5,2320.78,11603.9,2024-10,Card
1783,2024-03-28,C110,Customer_C110,North,Monitor,Electronics,6,12097.39,72584.34,2024-03,Card
1784,2024-01-15,C161,Customer_C161,North,Laptop,Electronics,2,53719.6,107439.2,2024-01,NetBanking
1785,2024-07-19,C123,Customer_C123,South,Tablet,Electronics,6,21174.74,127048.44,2024-07,UPI
1786,2024-08-26,C173,Customer_C173,West,Keyboard,Accessories,2,1593.86,3187.72,2024-08,UPI
1787,2024-08-21,C140,Customer_C140,South,Tablet,Electronics,8,20819.45,166555.6,2024-08,Card
1788,2024-11-11,C134,Customer_C134,East,Headphones,Accessories,7,2341.68,16391.76,2024-11,Cash
1789,2024-08-20,C163,Customer_C163,East,Laptop,Electronics,2,54728.68,109457.36,2024-08,NetBanking
1790,2024-08-24,C122,Customer_C122,South,Monitor,Electronics,6,12250.66,73503.96,2024-08,UPI
1791,2024-07-26,C114,Customer_C114,West,Headphones,Accessories,2,2646.22,5292.44,2024-07,NetBanking
1792,2024-10-29,C153,Customer_C153,West,Mouse,Accessories,4,807.67,3230.68,2024-10,NetBanking
1793,2024-02-03,C144,Customer_C144,West,Mouse,Accessories,7,845.49,5918.43,2024-02,Cash
1794,2024-10-05,C131,Customer_C131,West,Keyboard,Accessories,2,1571.81,3143.62,2024-10,UPI
1795,2024-10-30,C177,Customer_C177,West,Tablet,Electronics,6,22242.39,133454.34,2024-10,Card
1796,2024-06-06,C152,Customer_C152,West,Phone,Electronics,2,31113.05,62226.1,2024-06,Cash
1797,2024-09-10,C108,Customer_C108,North,Phone,Electronics,4,31902.2,127608.8,2024-09,Card
1798,2024-12-04,C120,Customer_C120,West,Tablet,Electronics,5,21515.92,107579.6,2024-12,Card
1799,2024-04-15,C141,Customer_C141,West,Monitor,Electronics,5,13004.4,65022.0,2024-04,Cash
1800,2024-02-15,C175,Customer_C175,East,Laptop,Electronics,7,58824.0,411768.0,2024-02,UPI
1801,2024-07-08,C171,Customer_C171,East,Laptop,Electronics,1,57236.9,57236.9,2024-07,UPI
1802,2024-05-24,C104,Customer_C104,West,Mouse,Accessories,7,832.36,5826.52,2024-05,Cash
1803,2024-12-30,C149,Customer_C149,South,Printer,Electronics,7,8883.34,62183.38,2024-12,Card
1804,2024-08-31,C118,Customer_C118,East,Mouse,Accessories,7,854.93,5984.51,2024-08,NetBanking
1805,2024-03-19,C137,Customer_C137,North,Keyboard,Accessories,3,1353.48,4060.44,2024-03,Card
1806,2024-09-06,C156,Customer_C156,West,Keyboard,Accessories,2,1391.17,2782.34,2024-09,NetBanking
1807,2024-12-22,C178,Customer_C178,West,Printer,Electronics,3,8917.91,26753.73,2024-12,NetBanking
1808,2024-07-15,C146,Customer_C146,North,Mouse,Accessories,3,787.96,2363.88,2024-07,NetBanking
1809,2024-05-01,C165,Customer_C165,East,Monitor,Electronics,7,13023.75,91166.25,2024-05,UPI
1810,2024-01-20,C173,Customer_C173,West,Tablet,Electronics,6,20297.92,121787.52,2024-01,UPI
1811,2024-03-13,C168,Customer_C168,North,Monitor,Electronics,8,12040.68,96325.44,2024-03,Card
1812,2024-08-29,C110,Customer_C110,North,Monitor,Electronics,1,12968.6,12968.6,2024-08,NetBanking
1813,2024-08-20,C166,Customer_C166,East,Tablet,Electronics,6,21652.47,129914.82,2024-08,Cash
1814,2024-03-26,C105,Customer_C105,West,Monitor,Electronics,5,10947.4,54737.0,2024-03,Card
1815,2024-10-20,C107,Customer_C107,North,Monitor,Electronics,1,11488.36,11488.36,2024-10,Card
1816,2024-09-15,C110,Customer_C110,East,Monitor,Electronics,5,11118.09,55590.45,2024-09,Cash
1817,2024-05-11,C102,Customer_C102,South,Phone,Electronics,3,32460.79,97382.37,2024-05,NetBanking
1818,2024-07-08,C123,Customer_C123,North,Monitor,Electronics,4,11963.8,47855.2,2024-07,Cash
1819,2024-02-13,C119,Customer_C119,West,Keyboard,Accessories,8,1575.83,12606.64,2024-02,NetBanking
1820,2024-05-01,C157,Customer_C157,East,Keyboard,Accessories,4,1523.33,6093.32,2024-05,UPI
1821,2024-11-24,C134,Customer_C134,West,Phone,Electronics,1,28005.6,28005.6,2024-11,NetBanking
1822,2024-06-03,C161,Customer_C161,West,Mouse,Accessories,7,829.36,5805.52,2024-06,NetBanking
1823,2024-05-14,C119,Customer_C119,West,Printer,Electronics,1,8619.83,8619.83,2024-05,NetBanking
1824,2024-12-13,C141,Customer_C141,East,Laptop,Electronics,2,59594.83,119189.66,2024-12,NetBanking
1825,2024-11-08,C135,Customer_C135,North,Headphones,Accessories,5,2383.54,11917.7,2024-11,Cash
1826,2024-12-01,C175,Customer_C175,South,Printer,Electronics,8,9491.67,75933.36,2024-12,Card
1827,2024-09-23,C144,Customer_C144,North,Keyboard,Accessories,6,1514.28,9085.68,2024-09,UPI
1828,2024-01-07,C153,Customer_C153,East,Phone,Electronics,2,31113.0,62226.0,2024-01,Card
1829,2024-05-25,C133,Customer_C133,North,Mouse,Accessories,1,723.79,723.79,2024-05,UPI
1830,2024-10-31,C128,Customer_C128,South,Phone,Electronics,2,27518.32,55036.64,2024-10,NetBanking
1831,2024-12-02,C173,Customer_C173,East,Keyboard,Accessories,2,1558.7,3117.4,2024-12,Cash
1832,2024-08-27,C110,Customer_C110,East,Tablet,Electronics,5,23185.18,115925.9,2024-08,Cash
1833,2024-03-23,C110,Customer_C110,East,Monitor,Electronics,1,11718.72,11718.72,2024-03,UPI
1834,2024-05-12,C134,Customer_C134,South,Keyboard,Accessories,8,1370.82,10966.56,2024-05,NetBanking
1835,2024-04-01,C163,Customer_C163,West,Phone,Electronics,3,30243.79,90731.37,2024-04,Card
1836,2024-11-10,C114,Customer_C114,North,Tablet,Electronics,5,20254.46,101272.3,2024-11,UPI
1837,2024-10-19,C133,Customer_C133,South,Tablet,Electronics,1,23744.65,23744.65,2024-10,UPI
1838,2024-01-20,C150,Customer_C150,West,Monitor,Electronics,3,12480.13,37440.39,2024-01,UPI
1839,2024-09-20,C163,Customer_C163,North,Tablet,Electronics,7,21577.22,151040.54,2024-09,Card
1840,2024-01-02,C150,Customer_C150,East,Tablet,Electronics,2,22295.87,44591.74,2024-01,Cash
1841,2024-12-15,C139,Customer_C139,North,Printer,Electronics,1,9238.09,9238.09,2024-12,Cash
1842,2024-09-30,C144,Customer_C144,East,Phone,Electronics,8,31562.72,252501.76,2024-09,Card
1843,2024-03-31,C171,Customer_C171,East,Laptop,Electronics,7,56768.07,397376.49,2024-03,NetBanking
1844,2024-02-24,C146,Customer_C146,West,Tablet,Electronics,2,23694.94,47389.88,2024-02,Card
1845,2024-03-12,C105,Customer_C105,South,Mouse,Accessories,1,835.16,835.16,2024-03,NetBanking
1846,2024-07-18,C109,Customer_C109,West,Monitor,Electronics,8,12081.46,96651.68,2024-07,UPI
1847,2024-01-19,C144,Customer_C144,North,Laptop,Electronics,6,58165.56,348993.36,2024-01,NetBanking
1848,2024-03-01,C128,Customer_C128,South,Tablet,Electronics,3,23060.63,69181.89,2024-03,UPI
1849,2024-01-19,C119,Customer_C119,North,Tablet,Electronics,1,21873.37,21873.37,2024-01,Card
1850,2024-12-25,C117,Customer_C117,East,Laptop,Electronics,3,56459.28,169377.84,2024-12,UPI
1851,2024-08-21,C179,Customer_C179,North,Keyboard,Accessories,2,1595.34,3190.68,2024-08,UPI
1852,2024-09-11,C177,Customer_C177,West,Mouse,Accessories,2,848.71,1697.42,2024-09,Cash
1853,2024-12-13,C152,Customer_C152,South,Headphones,Accessories,2,2737.93,5475.86,2024-12,Cash
1854,2024-04-19,C106,Customer_C106,East,Keyboard,Accessories,6,1368.97,8213.82,2024-04,Card
1855,2024-07-31,C122,Customer_C122,North,Headphones,Accessories,3,2469.33,7407.99,2024-07,Card
1856,2024-02-21,C179,Customer_C179,West,Printer,Electronics,3,8128.13,24384.39,2024-02,UPI
1857,2024-01-04,C101,Customer_C101,East,Keyboard,Accessories,2,1562.02,3124.04,2024-01,NetBanking
1858,2024-12-21,C161,Customer_C161,East,Keyboard,Accessories,4,1392.93,5571.72,2024-12,NetBanking
1859,2024-07-29,C131,Customer_C131,West,Keyboard,Accessories,1,1528.88,1528.88,2024-07,UPI
1860,2024-11-17,C139,Customer_C139,South,Headphones,Accessories,7,2252.29,15766.03,2024-11,Card
1861,2024-03-01,C168,Customer_C168,South,Phone,Electronics,6,32176.39,193058.34,2024-03,NetBanking
1862,2024-11-16,C127,Customer_C127,South,Monitor,Electronics,1,11264.93,11264.93,2024-11,NetBanking
1863,2024-09-11,C123,Customer_C123,East,Keyboard,Accessories,1,1366.21,1366.21,2024-09,Cash
1864,2024-04-17,C156,Customer_C156,West,Monitor,Electronics,6,12280.37,73682.22,2024-04,UPI
1865,2024-02-23,C107,Customer_C107,West,Keyboard,Accessories,3,1585.65,4756.95,2024-02,UPI
1866,2024-02-06,C131,Customer_C131,East,Tablet,Electronics,6,21643.89,129863.34,2024-02,Card
1867,2024-02-26,C142,Customer_C142,West,Mouse,Accessories,2,757.94,1515.88,2024-02,Card
1868,2024-07-11,C129,Customer_C129,North,Phone,Electronics,8,30510.55,244084.4,2024-07,NetBanking
1869,2024-03-15,C128,Customer_C128,South,Tablet,Electronics,3,21504.25,64512.75,2024-03,NetBanking
1870,2024-04-09,C146,Customer_C146,North,Monitor,Electronics,4,11606.14,46424.56,2024-04,UPI
1871,2024-05-23,C118,Customer_C118,South,Phone,Electronics,8,29751.47,238011.76,2024-05,Cash
1872,2024-04-22,C138,Customer_C138,South,Keyboard,Accessories,3,1523.44,4570.32,2024-04,UPI
1873,2024-07-29,C167,Customer_C167,West,Tablet,Electronics,4,22402.96,89611.84,2024-07,Cash
1874,2024-01-08,C155,Customer_C155,South,Mouse,Accessories,4,772.37,3089.48,2024-01,Card
1875,2024-10-20,C101,Customer_C101,West,Printer,Electronics,1,8172.11,8172.11,2024-10,UPI
1876,2024-08-05,C168,Customer_C168,North,Printer,Electronics,8,9557.49,76459.92,2024-08,NetBanking
1877,2024-09-10,C131,Customer_C131,West,Phone,Electronics,1,31158.96,31158.96,2024-09,Card
1878,2024-03-08,C146,Customer_C146,North,Monitor,Electronics,4,12354.34,49417.36,2024-03,UPI
1879,2024-09-02,C140,Customer_C140,North,Keyboard,Accessories,8,1607.38,12859.04,2024-09,NetBanking
1880,2024-08-25,C118,Customer_C118,East,Printer,Electronics,3,9521.75,28565.25,2024-08,NetBanking
1881,2024-12-26,C101,Customer_C101,East,Phone,Electronics,7,32360.61,226524.27,2024-12,UPI
1882,2024-05-31,C155,Customer_C155,North,Monitor,Electronics,4,12690.46,50761.84,2024-05,Cash
1883,2024-01-29,C166,Customer_C166,East,Headphones,Accessories,1,2305.48,2305.48,2024-01,NetBanking
1884,2024-11-12,C106,Customer_C106,North,Headphones,Accessories,6,2337.63,14025.78,2024-11,Card
1885,2024-03-11,C143,Customer_C143,South,Mouse,Accessories,2,823.85,1647.7,2024-03,Card
1886,2024-06-13,C146,Customer_C146,North,Monitor,Electronics,7,11465.15,80256.05,2024-06,Cash
1887,2024-06-25,C158,Customer_C158,East,Tablet,Electronics,2,21868.72,43737.44,2024-06,NetBanking
1888,2024-11-13,C148,Customer_C148,West,Phone,Electronics,4,32351.42,129405.68,2024-11,UPI
1889,2024-02-11,C151,Customer_C151,North,Keyboard,Accessories,5,1637.48,8187.4,2024-02,UPI
1890,2024-03-25,C136,Customer_C136,South,Phone,Electronics,3,29977.97,89933.91,2024-03,UPI
1891,2024-05-30,C154,Customer_C154,West,Keyboard,Accessories,8,1454.01,11632.08,2024-05,UPI
1892,2024-05-29,C125,Customer_C125,South,Phone,Electronics,1,32230.76,32230.76,2024-05,Cash
1893,2024-07-29,C175,Customer_C175,West,Headphones,Accessories,6,2493.07,14958.42,2024-07,NetBanking
1894,2024-06-04,C173,Customer_C173,East,Keyboard,Accessories,5,1401.52,7007.6,2024-06,Card
1895,2024-09-04,C148,Customer_C148,East,Monitor,Electronics,1,11156.01,11156.01,2024-09,NetBanking
1896,2024-03-26,C180,Customer_C180,South,Keyboard,Accessories,5,1404.68,7023.4,2024-03,Card
1897,2024-03-23,C131,Customer_C131,South,Phone,Electronics,1,32962.64,32962.64,2024-03,NetBanking
1898,2024-05-13,C148,Customer_C148,North,Keyboard,Accessories,4,1518.75,6075.0,2024-05,Cash
1899,2024-06-25,C119,Customer_C119,South,Headphones,Accessories,8,2519.93,20159.44,2024-06,Cash
1900,2024-03-03,C104,Customer_C104,West,Printer,Electronics,8,9483.33,75866.64,2024-03,Cash
1901,2024-03-20,C101,Customer_C101,East,Headphones,Accessories,5,2486.96,12434.8,2024-03,Card
1902,2024-10-16,C157,Customer_C157,North,Headphones,Accessories,2,2615.82,5231.64,2024-10,Card
1903,2024-12-13,C171,Customer_C171,South,Phone,Electronics,5,27148.77,135743.85,2024-12,NetBanking
1904,2024-07-01,C112,Customer_C112,South,Headphones,Accessories,1,2554.08,2554.08,2024-07,Card
1905,2024-05-22,C126,Customer_C126,West,Laptop,Electronics,2,55422.54,110845.08,2024-05,UPI
1906,2024-09-19,C151,Customer_C151,North,Mouse,Accessories,8,770.84,6166.72,2024-09,Cash
1907,2024-07-22,C119,Customer_C119,North,Printer,Electronics,6,8795.0,52770.0,2024-07,Cash
1908,2024-06-25,C145,Customer_C145,North,Monitor,Electronics,8,12898.32,103186.56,2024-06,Card
1909,2024-08-15,C154,Customer_C154,West,Tablet,Electronics,5,20520.68,102603.4,2024-08,NetBanking
1910,2024-03-12,C176,Customer_C176,West,Phone,Electronics,3,28246.7,84740.1,2024-03,Cash
1911,2024-02-03,C176,Customer_C176,East,Printer,Electronics,2,8111.91,16223.82,2024-02,NetBanking
1912,2024-03-30,C172,Customer_C172,West,Tablet,Electronics,3,20676.73,62030.19,2024-03,Cash
1913,2024-10-10,C163,Customer_C163,East,Laptop,Electronics,5,58680.44,293402.2,2024-10,NetBanking
1914,2024-10-13,C160,Customer_C160,South,Mouse,Accessories,1,846.6,846.6,2024-10,Cash
1915,2024-06-02,C161,Customer_C161,West,Phone,Electronics,5,29502.94,147514.7,2024-06,Card
1916,2024-01-15,C116,Customer_C116,North,Monitor,Electronics,8,13186.4,105491.2,2024-01,Cash
1917,2024-10-24,C162,Customer_C162,West,Printer,Electronics,5,9230.39,46151.95,2024-10,UPI
1918,2024-07-10,C166,Customer_C166,North,Laptop,Electronics,5,51291.32,256456.6,2024-07,Card
1919,2024-06-12,C160,Customer_C160,East,Keyboard,Accessories,6,1398.99,8393.94,2024-06,Cash
1920,2024-08-02,C146,Customer_C146,North,Laptop,Electronics,5,52708.31,263541.55,2024-08,Card
1921,2024-11-17,C124,Customer_C124,East,Phone,Electronics,3,30262.27,90786.81,2024-11,Cash
1922,2024-05-18,C147,Customer_C147,North,Phone,Electronics,6,31939.89,191639.34,2024-05,Card
1923,2024-09-22,C137,Customer_C137,South,Headphones,Accessories,8,2456.0,19648.0,2024-09,UPI
1924,2024-04-21,C120,Customer_C120,North,Mouse,Accessories,4,847.22,3388.88,2024-04,NetBanking
1925,2024-08-23,C110,Customer_C110,West,Phone,Electronics,3,32540.46,97621.38,2024-08,Cash
1926,2024-06-08,C147,Customer_C147,East,Keyboard,Accessories,8,1616.92,12935.36,2024-06,Card
1927,2024-12-29,C139,Customer_C139,South,Laptop,Electronics,2,51945.94,103891.88,2024-12,Card
1928,2024-06-06,C117,Customer_C117,West,Mouse,Accessories,3,876.98,2630.94,2024-06,UPI
1929,2024-02-09,C103,Customer_C103,North,Tablet,Electronics,7,19987.07,139909.49,2024-02,UPI
1930,2024-12-03,C166,Customer_C166,East,Laptop,Electronics,8,50808.14,406465.12,2024-12,UPI
1931,2024-02-03,C139,Customer_C139,South,Laptop,Electronics,2,58106.08,116212.16,2024-02,Card
1932,2024-04-04,C145,Customer_C145,East,Laptop,Electronics,2,51101.13,102202.26,2024-04,Cash
1933,2024-06-29,C121,Customer_C121,North,Mouse,Accessories,2,735.86,1471.72,2024-06,Card
1934,2024-04-08,C137,Customer_C137,North,Keyboard,Accessories,1,1642.07,1642.07,2024-04,Card
1935,2024-09-15,C161,Customer_C161,North,Headphones,Accessories,3,2469.83,7409.49,2024-09,Card
1936,2024-06-30,C149,Customer_C149,West,Printer,Electronics,4,9025.65,36102.6,2024-06,UPI
1937,2024-06-09,C116,Customer_C116,West,Tablet,Electronics,2,22086.8,44173.6,2024-06,Cash
1938,2024-12-26,C137,Customer_C137,North,Laptop,Electronics,2,53109.27,106218.54,2024-12,NetBanking
1939,2024-05-25,C159,Customer_C159,West,Monitor,Electronics,8,11342.1,90736.8,2024-05,Cash
1940,2024-08-07,C125,Customer_C125,East,Phone,Electronics,8,32634.49,261075.92,2024-08,Card
1941,2024-01-07,C163,Customer_C163,North,Phone,Electronics,7,29628.35,207398.45,2024-01,UPI
1942,2024-03-14,C151,Customer_C151,South,Printer,Electronics,2,9434.58,18869.16,2024-03,UPI
1943,2024-07-05,C126,Customer_C126,West,Headphones,Accessories,4,2547.48,10189.92,2024-07,UPI
1944,2024-04-29,C155,Customer_C155,East,Tablet,Electronics,5,23165.19,115825.95,2024-04,NetBanking
1945,2024-07-01,C161,Customer_C161,South,Printer,Electronics,8,9020.55,72164.4,2024-07,NetBanking
1946,2024-02-25,C116,Customer_C116,South,Monitor,Electronics,8,11993.46,95947.68,2024-02,UPI
1947,2024-02-20,C107,Customer_C107,South,Phone,Electronics,8,31068.64,248549.12,2024-02,NetBanking
1948,2024-11-05,C142,Customer_C142,North,Keyboard,Accessories,5,1536.59,7682.95,2024-11,UPI
1949,2024-12-04,C167,Customer_C167,West,Tablet,Electronics,8,20688.5,165508.0,2024-12,NetBanking
1950,2024-09-15,C134,Customer_C134,North,Headphones,Accessories,1,2726.29,2726.29,2024-09,NetBanking
1951,2024-03-01,C150,Customer_C150,West,Tablet,Electronics,6,23552.65,141315.9,2024-03,NetBanking
1952,2024-01-19,C105,Customer_C105,South,Keyboard,Accessories,5,1615.41,8077.05,2024-01,NetBanking
1953,2024-08-08,C118,Customer_C118,North,Monitor,Electronics,7,11969.89,83789.23,2024-08,NetBanking
1954,2024-12-03,C171,Customer_C171,South,Tablet,Electronics,8,22273.92,178191.36,2024-12,UPI
1955,2024-07-19,C134,Customer_C134,East,Tablet,Electronics,7,22514.53,157601.71,2024-07,Cash
1956,2024-06-13,C108,Customer_C108,East,Laptop,Electronics,1,50910.18,50910.18,2024-06,Cash
1957,2024-10-25,C104,Customer_C104,East,Headphones,Accessories,7,2298.68,16090.76,2024-10,Cash
1958,2024-07-29,C145,Customer_C145,East,Laptop,Electronics,4,52223.75,208895.0,2024-07,UPI
1959,2024-12-18,C109,Customer_C109,North,Monitor,Electronics,2,11610.23,23220.46,2024-12,Cash
1960,2024-01-20,C159,Customer_C159,West,Printer,Electronics,7,8579.91,60059.37,2024-01,UPI
1961,2024-06-11,C149,Customer_C149,West,Printer,Electronics,6,9130.57,54783.42,2024-06,UPI
1962,2024-12-19,C127,Customer_C127,East,Headphones,Accessories,8,2501.38,20011.04,2024-12,Card
1963,2024-11-10,C139,Customer_C139,North,Headphones,Accessories,7,2350.88,16456.16,2024-11,Card
1964,2024-05-27,C134,Customer_C134,West,Laptop,Electronics,5,60458.5,302292.5,2024-05,Card
1965,2024-11-15,C112,Customer_C112,West,Phone,Electronics,6,28640.19,171841.14,2024-11,NetBanking
1966,2024-04-17,C145,Customer_C145,East,Phone,Electronics,5,30027.84,150139.2,2024-04,NetBanking
1967,2024-12-05,C170,Customer_C170,East,Headphones,Accessories,4,2457.16,9828.64,2024-12,NetBanking
1968,2024-12-09,C171,Customer_C171,South,Keyboard,Accessories,1,1538.35,1538.35,2024-12,NetBanking
1969,2024-04-19,C160,Customer_C160,North,Monitor,Electronics,7,13043.13,91301.91,2024-04,Card
1970,2024-07-05,C160,Customer_C160,East,Keyboard,Accessories,4,1395.14,5580.56,2024-07,NetBanking
1971,2024-07-29,C141,Customer_C141,East,Phone,Electronics,4,32075.8,128303.2,2024-07,Cash
1972,2024-11-26,C121,Customer_C121,North,Monitor,Electronics,4,11774.08,47096.32,2024-11,Card
1973,2024-04-08,C104,Customer_C104,West,Mouse,Accessories,5,794.27,3971.35,2024-04,NetBanking
1974,2024-11-27,C105,Customer_C105,North,Mouse,Accessories,3,763.63,2290.89,2024-11,Cash
1975,2024-05-22,C171,Customer_C171,West,Keyboard,Accessories,1,1639.14,1639.14,2024-05,UPI
1976,2024-01-29,C111,Customer_C111,West,Headphones,Accessories,5,2683.59,13417.95,2024-01,Cash
1977,2024-12-09,C112,Customer_C112,North,Printer,Electronics,3,8524.87,25574.61,2024-12,Cash
1978,2024-09-11,C112,Customer_C112,East,Mouse,Accessories,2,843.71,1687.42,2024-09,Cash
1979,2024-10-26,C150,Customer_C150,North,Mouse,Accessories,7,754.88,5284.16,2024-10,Card
1980,2024-04-19,C136,Customer_C136,North,Tablet,Electronics,7,20918.95,146432.65,2024-04,NetBanking
1981,2024-09-30,C148,Customer_C148,West,Phone,Electronics,6,30274.47,181646.82,2024-09,Card
1982,2024-05-22,C119,Customer_C119,East,Headphones,Accessories,8,2607.84,20862.72,2024-05,UPI
1983,2024-11-26,C178,Customer_C178,South,Laptop,Electronics,1,57097.51,57097.51,2024-11,Cash
1984,2024-10-09,C150,Customer_C150,North,Monitor,Electronics,6,12967.58,77805.48,2024-10,Card
1985,2024-08-14,C150,Customer_C150,East,Laptop,Electronics,7,59702.58,417918.06,2024-08,Cash
1986,2024-02-16,C131,Customer_C131,South,Monitor,Electronics,4,12862.6,51450.4,2024-02,NetBanking
1987,2024-11-19,C141,Customer_C141,North,Printer,Electronics,1,8593.27,8593.27,2024-11,NetBanking
1988,2024-08-29,C153,Customer_C153,North,Headphones,Accessories,7,2688.38,18818.66,2024-08,Card
1989,2024-12-23,C134,Customer_C134,East,Phone,Electronics,6,29525.22,177151.32,2024-12,NetBanking
1990,2024-12-21,C104,Customer_C104,South,Laptop,Electronics,3,56431.72,169295.16,2024-12,UPI
1991,2024-07-24,C126,Customer_C126,North,Monitor,Electronics,6,12181.94,73091.64,2024-07,Card
1992,2024-05-07,C167,Customer_C167,East,Keyboard,Accessories,7,1587.79,11114.53,2024-05,NetBanking
1993,2024-09-01,C118,Customer_C118,East,Monitor,Electronics,3,12449.92,37349.76,2024-09,Cash
1994,2024-04-11,C111,Customer_C111,West,Printer,Electronics,6,8427.4,50564.4,2024-04,Card
1995,2024-01-11,C103,Customer_C103,South,Mouse,Accessories,2,875.86,1751.72,2024-01,Cash
1996,2024-12-25,C122,Customer_C122,East,Laptop,Electronics,7,56298.04,394086.28,2024-12,Card
1997,2024-02-15,C148,Customer_C148,West,Keyboard,Accessories,2,1354.23,2708.46,2024-02,NetBanking
1998,2024-12-10,C164,Customer_C164,South,Phone,Electronics,4,31281.38,125125.52,2024-12,Cash
1999,2024-05-27,C164,Customer_C164,South,Printer,Electronics,3,8876.36,26629.08,2024-05,Card
2000,2024-05-24,C125,Customer_C125,South,Printer,Electronics,3,8835.34,26506.02,2024-05,UPI
